-- MySQL dump 10.10
--
-- Host: localhost    Database: draftday_development
-- ------------------------------------------------------
-- Server version	5.0.27-standard

/*!40101 SET @OLD_CHARACTER_SET_CLIENT=@@CHARACTER_SET_CLIENT */;
/*!40101 SET @OLD_CHARACTER_SET_RESULTS=@@CHARACTER_SET_RESULTS */;
/*!40101 SET @OLD_COLLATION_CONNECTION=@@COLLATION_CONNECTION */;
/*!40101 SET NAMES utf8 */;
/*!40103 SET @OLD_TIME_ZONE=@@TIME_ZONE */;
/*!40103 SET TIME_ZONE='+00:00' */;
/*!40014 SET @OLD_UNIQUE_CHECKS=@@UNIQUE_CHECKS, UNIQUE_CHECKS=0 */;
/*!40014 SET @OLD_FOREIGN_KEY_CHECKS=@@FOREIGN_KEY_CHECKS, FOREIGN_KEY_CHECKS=0 */;
/*!40101 SET @OLD_SQL_MODE=@@SQL_MODE, SQL_MODE='NO_AUTO_VALUE_ON_ZERO' */;
/*!40111 SET @OLD_SQL_NOTES=@@SQL_NOTES, SQL_NOTES=0 */;

--
-- Table structure for table `picks`
--

DROP TABLE IF EXISTS `picks`;
CREATE TABLE `picks` (
  `id` int(11) NOT NULL auto_increment,
  `player_id` int(11) NOT NULL,
  `team_id` int(11) NOT NULL,
  `pick_number` int(11) NOT NULL,
  PRIMARY KEY  (`id`)
) ENGINE=InnoDB DEFAULT CHARSET=utf8;

--
-- Dumping data for table `picks`
--

LOCK TABLES `picks` WRITE;
/*!40000 ALTER TABLE `picks` DISABLE KEYS */;
--- INSERT INTO `picks` VALUES (1,19,1,1),(2,18,1,2),(3,19,1,3),(4,288,1,4),(5,273,1,5),(6,265,1,6),(7,5,2,7),(8,25,2,8),(9,24,2,9),(10,276,2,10),(11,281,2,11),(12,331,2,12),(13,51,3,13),(14,50,3,14),(15,69,3,15),(16,285,3,16),(17,338,3,17),(18,275,3,18),(19,261,4,19),(20,268,4,20),(21,223,4,21),(22,4,4,22),(23,41,4,23),(24,47,4,24),(25,3,5,25),(26,1,5,26),(27,22,5,27),(28,269,5,28),(29,279,5,29),(30,186,5,30),(31,2,6,31),(32,7,6,32),(33,13,6,33),(34,262,6,34),(35,272,6,35),(36,290,6,36),(37,15,7,37),(38,30,7,38),(39,62,7,39),(40,336,7,40),(41,300,7,41),(42,314,7,42),(43,10,8,43),(44,32,8,44),(45,23,8,45),(46,278,8,46),(47,284,8,47),(48,298,8,48),(49,12,9,49),(50,17,9,50),(51,46,9,51),(52,264,9,52),(53,304,9,53),(54,266,9,54),(703,231,9,55),(704,241,5,56),(705,255,2,57),(706,213,3,58),(707,92,7,59),(708,92,4,60),(709,98,6,61),(710,99,1,62),(711,100,8,63),(712,101,8,64),(713,102,1,65),(714,103,6,66),(715,104,4,67),(716,105,7,68),(717,106,3,69),(718,107,2,70),(719,108,5,71),(720,109,9,72),(721,110,9,73),(722,111,5,74),(723,112,2,75),(724,113,3,76),(725,114,7,77),(726,115,4,78),(727,116,6,79),(728,117,1,80),(729,118,8,81),(730,119,8,82),(731,120,1,83),(732,121,6,84),(733,122,4,85),(734,124,7,86),(735,301,3,87),(736,302,2,88),(737,303,5,89),(738,323,9,90),(739,324,9,91),(740,325,5,92),(741,326,2,93),(742,327,3,94),(743,328,7,95),(744,329,4,96),(745,330,6,97),(746,331,1,98),(747,332,8,99),(748,333,8,100),(749,334,1,101),(750,335,6,102),(751,336,4,103),(752,337,7,104),(753,119,3,105),(754,139,2,106),(755,140,5,107),(756,150,9,108),(757,175,9,109),(758,187,5,110),(759,231,2,111),(760,194,3,112),(761,199,7,113),(762,291,4,114),(763,232,6,115),(764,292,1,116),(765,294,8,117),(766,6,8,118),(767,0,1,119),(768,0,6,120),(769,0,4,121),(770,0,7,122),(771,0,3,123),(772,0,2,124),(773,0,5,125),(774,0,9,126),(775,0,9,127),(776,0,5,128),(777,0,2,129),(778,0,3,130),(779,0,7,131),(780,0,4,132),(781,0,6,133),(782,0,1,134),(783,0,8,135),(784,0,8,136),(785,0,1,137),(786,0,6,138),(787,0,4,139),(788,0,7,140),(789,0,3,141),(790,0,2,142),(791,0,5,143),(792,0,9,144),(793,0,9,145),(794,0,5,146),(795,0,2,147),(796,0,3,148),(797,0,7,149),(798,0,4,150),(799,0,6,151),(800,0,1,152),(801,0,8,153),(802,0,8,154),(803,0,1,155),(804,0,6,156),(805,0,4,157),(806,0,7,158),(807,0,3,159),(808,0,2,160),(809,0,5,161),(810,0,9,162),(811,0,9,163),(812,0,5,164),(813,0,2,165),(814,0,3,166),(815,0,7,167),(816,0,4,168),(817,0,6,169),(818,0,1,170),(819,0,8,171),(820,0,8,172),(821,0,1,173),(822,0,6,174),(823,0,4,175),(824,0,7,176),(825,0,3,177),(826,0,2,178),(827,0,5,179),(828,0,9,180),(829,0,9,181),(830,0,5,182),(831,0,2,183),(832,0,3,184),(833,0,7,185),(834,0,4,186),(835,0,6,187),(836,0,1,188),(837,0,8,189),(838,0,8,190),(839,0,1,191),(840,0,6,192),(841,0,4,193),(842,0,7,194),(843,0,3,195),(844,0,2,196),(845,0,5,197),(846,0,9,198),(847,0,9,199),(848,0,5,200),(849,0,2,201),(850,0,3,202),(851,0,7,203),(852,0,4,204),(853,0,6,205),(854,0,1,206),(855,0,8,207),(856,0,8,208),(857,0,1,209),(858,0,6,210),(859,0,4,211),(860,0,7,212),(861,0,3,213),(862,0,2,214),(863,0,5,215),(864,0,9,216),(865,0,9,217),(866,0,5,218),(867,0,2,219),(868,0,3,220),(869,0,7,221),(870,0,4,222),(871,0,6,223),(872,0,1,224),(873,0,8,225),(874,0,8,226),(875,0,1,227),(876,0,6,228),(877,0,4,229),(878,0,7,230),(879,0,3,231),(880,0,2,232),(881,0,5,233),(882,0,9,234),(883,0,9,235),(884,0,5,236),(885,0,2,237),(886,0,3,238),(887,0,7,239),(888,0,4,240),(889,0,6,241),(890,0,1,242),(891,0,8,243),(892,0,8,244),(893,0,1,245),(894,0,6,246),(895,0,4,247),(896,0,7,248),(897,0,3,249),(898,0,2,250),(899,0,5,251),(900,0,9,252),(901,0,9,253),(902,0,5,254),(903,0,2,255),(904,0,3,256),(905,0,7,257),(906,0,4,258),(907,0,6,259),(908,0,1,260),(909,0,8,261),(910,0,8,262),(911,0,1,263),(912,0,6,264),(913,0,4,265),(914,0,7,266),(915,0,3,267),(916,0,2,268),(917,0,5,269),(918,0,9,270),(919,0,9,271),(920,0,5,272),(921,0,2,273),(922,0,3,274),(923,0,7,275),(924,0,4,276),(925,0,6,277),(926,0,1,278),(927,0,8,279),(928,0,8,280),(929,0,1,281),(930,0,6,282),(931,0,4,283),(932,0,7,284),(933,0,3,285),(934,0,2,286),(935,0,5,287),(936,0,9,288),(937,0,9,289),(938,0,5,290),(939,0,2,291),(940,0,3,292),(941,0,7,293),(942,0,4,294),(943,0,6,295),(944,0,1,296),(945,0,8,297),(946,0,8,298),(947,0,1,299),(948,0,6,300),(949,0,4,301),(950,0,7,302),(951,0,3,303),(952,0,2,304),(953,0,5,305),(954,0,9,306),(955,0,9,307),(956,0,5,308),(957,0,2,309),(958,0,3,310),(959,0,7,311),(960,0,4,312),(961,0,6,313),(962,0,1,314),(963,0,8,315),(964,0,8,316),(965,0,1,317),(966,0,6,318),(967,0,4,319),(968,0,7,320),(969,0,3,321),(970,0,2,322),(971,0,5,323),(972,0,9,324),(973,0,9,325),(974,0,5,326),(975,0,2,327),(976,0,3,328),(977,0,7,329),(978,0,4,330),(979,0,6,331),(980,0,1,332),(981,0,8,333),(982,0,8,334),(983,0,1,335),(984,0,6,336),(985,0,4,337),(986,0,7,338),(987,0,3,339),(988,0,2,340),(989,0,5,341),(990,0,9,342),(991,0,9,343),(992,0,5,344),(993,0,2,345),(994,0,3,346),(995,0,7,347),(996,0,4,348),(997,0,6,349),(998,0,1,350),(999,0,8,351),(1000,0,9,352),(1001,0,5,353),(1002,0,2,354),(1003,0,3,355),(1004,0,7,356),(1005,0,4,357),(1006,0,6,358),(1007,0,1,359),(1008,0,8,360),(1009,0,8,361),(1010,0,1,362),(1011,0,6,363),(1012,0,4,364),(1013,0,7,365),(1014,0,3,366),(1015,0,2,367),(1016,0,5,368),(1017,0,9,369),(1018,0,9,370),(1019,0,5,371),(1020,0,2,372),(1021,0,3,373),(1022,0,7,374),(1023,0,4,375),(1024,0,6,376),(1025,0,1,377),(1026,0,8,378),(1027,0,8,379),(1028,0,1,380),(1029,0,6,381),(1030,0,4,382),(1031,0,7,383),(1032,0,3,384),(1033,0,2,385),(1034,0,5,386),(1035,0,9,387),(1036,0,9,388),(1037,0,5,389),(1038,0,2,390),(1039,0,3,391),(1040,0,7,392),(1041,0,4,393),(1042,0,6,394),(1043,0,1,395),(1044,0,8,396),(1045,0,8,397),(1046,0,1,398),(1047,0,6,399),(1048,0,4,400),(1049,0,7,401),(1050,0,3,402),(1051,0,2,403),(1052,0,5,404),(1053,0,9,405),(1054,0,9,406),(1055,0,5,407),(1056,0,2,408),(1057,0,3,409),(1058,0,7,410),(1059,0,4,411),(1060,0,6,412),(1061,0,1,413),(1062,0,8,414),(1063,0,8,415),(1064,0,1,416),(1065,0,6,417),(1066,0,4,418),(1067,0,7,419),(1068,0,3,420),(1069,0,2,421),(1070,0,5,422),(1071,0,9,423),(1072,0,9,424),(1073,0,5,425),(1074,0,2,426),(1075,0,3,427),(1076,0,7,428),(1077,0,4,429),(1078,0,6,430),(1079,0,1,431),(1080,0,8,432),(1081,0,8,433),(1082,0,1,434),(1083,0,6,435),(1084,0,4,436),(1085,0,7,437),(1086,0,3,438),(1087,0,2,439),(1088,0,5,440),(1089,0,9,441),(1090,0,9,442),(1091,0,5,443),(1092,0,2,444),(1093,0,3,445),(1094,0,7,446),(1095,0,4,447),(1096,0,6,448),(1097,0,1,449),(1098,0,8,450),(1099,0,8,451),(1100,0,1,452),(1101,0,6,453),(1102,0,4,454),(1103,0,7,455),(1104,0,3,456),(1105,0,2,457),(1106,0,5,458),(1107,0,9,459),(1108,0,9,460),(1109,0,5,461),(1110,0,2,462),(1111,0,3,463),(1112,0,7,464),(1113,0,4,465),(1114,0,6,466),(1115,0,1,467),(1116,0,8,468),(1117,0,8,469),(1118,0,1,470),(1119,0,6,471),(1120,0,4,472),(1121,0,7,473),(1122,0,3,474),(1123,0,2,475),(1124,0,5,476),(1125,0,9,477),(1126,0,9,478),(1127,0,5,479),(1128,0,2,480),(1129,0,3,481),(1130,0,7,482),(1131,0,4,483),(1132,0,6,484),(1133,0,1,485),(1134,0,8,486),(1135,0,9,487),(1136,0,5,488),(1137,0,2,489),(1138,0,3,490),(1139,0,7,491),(1140,0,4,492),(1141,0,6,493),(1142,0,1,494),(1143,0,8,495),(1144,0,9,496),(1145,0,5,497),(1146,0,2,498),(1147,0,3,499),(1148,0,7,500),(1149,0,4,501),(1150,0,6,502),(1151,0,1,503),(1152,0,8,504),(1153,0,9,505),(1154,0,5,506),(1155,0,2,507),(1156,0,3,508),(1157,0,7,509),(1158,0,4,510),(1159,0,6,511),(1160,0,1,512),(1161,0,8,513),(1162,0,9,514),(1163,0,5,515),(1164,0,2,516),(1165,0,3,517),(1166,0,7,518),(1167,0,4,519),(1168,0,6,520),(1169,0,1,521),(1170,0,8,522),(1171,0,9,523),(1172,0,5,524),(1173,0,2,525),(1174,0,3,526),(1175,0,7,527),(1176,0,4,528),(1177,0,6,529),(1178,0,1,530),(1179,0,8,531),(1180,0,9,532),(1181,0,5,533),(1182,0,2,534),(1183,0,3,535),(1184,0,7,536),(1185,0,4,537),(1186,0,6,538),(1187,0,1,539),(1188,0,8,540),(1189,0,9,541),(1190,0,5,542),(1191,0,2,543),(1192,0,3,544),(1193,0,7,545),(1194,0,4,546),(1195,0,6,547),(1196,0,1,548),(1197,0,8,549),(1198,8,7,550),(1199,9,6,551);
/*!40000 ALTER TABLE `picks` ENABLE KEYS */;
UNLOCK TABLES;

--
-- Table structure for table `players`
--

DROP TABLE IF EXISTS `players`;
CREATE TABLE `players` (
  `id` int(11) NOT NULL auto_increment,
  `yahoo_ref` int(11) default '0',
  `player` varchar(255) default NULL,
  `team` varchar(255) default NULL,
  `pos` varchar(255) default NULL,
  `status` varchar(255) default NULL,
  `rank` int(11) default '1300',
  `IP` double default NULL,
  `W` int(11) default NULL,
  `SV` int(11) default NULL,
  `K` int(11) default NULL,
  `ERA` double default NULL,
  `WHIP` double default NULL,
  `R` int(11) default NULL,
  `HR` int(11) default NULL,
  `RBI` int(11) default NULL,
  `SB` int(11) default NULL,
  `AVG` double default NULL,
  `orank` int(11) default NULL,
  `ab` varchar(255) default NULL,
  `prank` int(11) default NULL,
  `depth` int(11) default NULL,
  `note` varchar(255) default NULL,
  `pHR` int(11) default NULL,
  `pR` int(11) default NULL,
  `pRBI` int(11) default NULL,
  `pSB` int(11) default NULL,
  `pBA` float default NULL,
  `pK` int(11) default NULL,
  `pW` int(11) default NULL,
  `pSV` int(11) default NULL,
  `pERA` float default NULL,
  `pWHIP` float default NULL,
  PRIMARY KEY  (`id`),
  KEY `players_player_index` (`player`),
  KEY `players_pos_index` (`pos`),
  KEY `players_team_index` (`team`),
  KEY `players_rank_index` (`rank`)
) ENGINE=InnoDB DEFAULT CHARSET=utf8;

--
-- Dumping data for table `players`
--

LOCK TABLES `players` WRITE;
/*!40000 ALTER TABLE `players` DISABLE KEYS */;
INSERT INTO `players` VALUES (1,6619,'Albert Pujols','StL','1B',NULL,1,NULL,NULL,NULL,NULL,NULL,NULL,119,49,137,7,0.331,1,'177/535',500,15,NULL,NULL,NULL,NULL,NULL,NULL,NULL,NULL,NULL,NULL,NULL),(2,7437,'Ryan Howard','Phi','1B',NULL,3,NULL,NULL,NULL,NULL,NULL,NULL,104,58,149,0,0.313,5,'182/581',500,15,NULL,NULL,NULL,NULL,NULL,NULL,NULL,NULL,NULL,NULL,NULL),(3,6154,'Alfonso Soriano','ChC','OF',NULL,4,NULL,NULL,NULL,NULL,NULL,NULL,119,46,95,41,0.277,4,'179/647',500,15,NULL,NULL,NULL,NULL,NULL,NULL,NULL,NULL,NULL,NULL,NULL),(4,7066,'José Reyes','NYM','SS',NULL,5,NULL,NULL,NULL,NULL,NULL,NULL,122,19,81,64,0.3,3,'194/647',500,15,NULL,NULL,NULL,NULL,NULL,NULL,NULL,NULL,NULL,NULL,NULL),(5,7311,'Matt Holliday','Col','OF',NULL,9,NULL,NULL,NULL,NULL,NULL,NULL,119,34,114,10,0.326,26,'196/602',500,15,NULL,NULL,NULL,NULL,NULL,NULL,NULL,NULL,NULL,NULL,NULL),(6,6132,'Carlos Beltrán','NYM','OF',NULL,10,NULL,NULL,NULL,NULL,NULL,NULL,127,41,116,18,0.275,7,'140/510',7,3,NULL,NULL,NULL,NULL,NULL,NULL,NULL,NULL,NULL,NULL,NULL),(7,6279,'Lance Berkman','Hou','1B,OF',NULL,11,NULL,NULL,NULL,NULL,NULL,NULL,95,45,136,3,0.315,13,'169/536',500,15,NULL,NULL,NULL,NULL,NULL,NULL,NULL,NULL,NULL,NULL,NULL),(8,7072,'Chase Utley','Phi','2B',NULL,13,NULL,NULL,NULL,NULL,NULL,NULL,131,32,102,15,0.309,9,'203/658',500,15,NULL,NULL,NULL,NULL,NULL,NULL,NULL,NULL,NULL,NULL,NULL),(9,6161,'Carlos Lee','Hou','OF',NULL,15,NULL,NULL,NULL,NULL,NULL,NULL,102,37,116,19,0.3,17,'187/624',9,4,NULL,NULL,NULL,NULL,NULL,NULL,NULL,NULL,NULL,NULL,NULL),(10,7163,'Miguel Cabrera','Fla','3B',NULL,17,NULL,NULL,NULL,NULL,NULL,NULL,112,26,114,9,0.339,10,'195/576',500,15,NULL,NULL,NULL,NULL,NULL,NULL,NULL,NULL,NULL,NULL,NULL),(11,7145,'Garrett Atkins','Col','3B',NULL,19,NULL,NULL,NULL,NULL,NULL,NULL,117,29,120,4,0.329,36,'198/602',500,15,NULL,NULL,NULL,NULL,NULL,NULL,NULL,NULL,NULL,NULL,NULL),(12,6419,'Jimmy Rollins','Phi','SS',NULL,25,NULL,NULL,NULL,NULL,NULL,NULL,127,25,83,36,0.277,25,'191/689',500,15,NULL,NULL,NULL,NULL,NULL,NULL,NULL,NULL,NULL,NULL,NULL),(13,7382,'David Wright','NYM','3B',NULL,27,NULL,NULL,NULL,NULL,NULL,NULL,96,26,116,20,0.311,11,'181/582',500,15,NULL,NULL,NULL,NULL,NULL,NULL,NULL,NULL,NULL,NULL,NULL),(14,7488,'Hanley Ramírez','Fla','SS',NULL,28,NULL,NULL,NULL,NULL,NULL,NULL,119,17,59,51,0.292,30,'185/633',16,1,NULL,NULL,NULL,NULL,NULL,NULL,NULL,NULL,NULL,NULL,NULL),(15,5681,'Andruw Jones','Atl','OF',NULL,38,NULL,NULL,NULL,NULL,NULL,NULL,107,41,129,4,0.262,27,'148/565',500,15,NULL,NULL,NULL,NULL,NULL,NULL,NULL,NULL,NULL,NULL,NULL),(16,7143,'Jason Bay','Pit','OF',NULL,43,NULL,NULL,NULL,NULL,NULL,NULL,101,35,109,11,0.286,23,'163/570',34,5,NULL,NULL,NULL,NULL,NULL,NULL,NULL,NULL,NULL,NULL,NULL),(17,6014,'Aramis Ramírez','ChC','3B',NULL,50,NULL,NULL,NULL,NULL,NULL,NULL,93,38,119,2,0.291,37,'173/594',500,15,NULL,NULL,NULL,NULL,NULL,NULL,NULL,NULL,NULL,NULL,NULL),(18,6404,'Rafael Furcal','LAD','SS',NULL,55,NULL,NULL,NULL,NULL,NULL,NULL,113,15,63,37,0.3,43,'196/654',42,1,NULL,NULL,NULL,NULL,NULL,NULL,NULL,NULL,NULL,NULL,NULL),(19,5164,'Chipper Jones','Atl','3B',NULL,70,NULL,NULL,NULL,NULL,NULL,NULL,87,26,86,6,0.324,74,'133/411',500,15,NULL,NULL,NULL,NULL,NULL,NULL,NULL,NULL,NULL,NULL,NULL),(20,5178,'Carlos Delgado','NYM','1B',NULL,84,NULL,NULL,NULL,NULL,NULL,NULL,89,38,114,0,0.265,53,'139/524',48,4,NULL,NULL,NULL,NULL,NULL,NULL,NULL,NULL,NULL,NULL,NULL),(21,6992,'Bill Hall','Mil','3B,SS',NULL,85,NULL,NULL,NULL,NULL,NULL,NULL,101,35,85,8,0.27,65,'145/537',54,4,NULL,NULL,NULL,NULL,NULL,NULL,NULL,NULL,NULL,NULL,NULL),(22,7692,'Dan Uggla','Fla','2B',NULL,93,NULL,NULL,NULL,NULL,NULL,NULL,105,27,90,6,0.282,60,'172/611',500,15,NULL,NULL,NULL,NULL,NULL,NULL,NULL,NULL,NULL,NULL,NULL),(23,5668,'Scott Rolen','StL','3B',NULL,103,NULL,NULL,NULL,NULL,NULL,NULL,94,22,95,7,0.296,58,'154/521',45,5,NULL,NULL,NULL,NULL,NULL,NULL,NULL,NULL,NULL,NULL,NULL),(24,6550,'Juan Pierre','LAD','OF',NULL,104,NULL,NULL,NULL,NULL,NULL,NULL,87,3,40,58,0.292,67,'204/699',500,15,NULL,NULL,NULL,NULL,NULL,NULL,NULL,NULL,NULL,NULL,NULL),(25,7627,'Ryan Zimmerman','Was','3B',NULL,105,NULL,NULL,NULL,NULL,NULL,NULL,84,20,110,11,0.287,62,'176/614',500,15,NULL,NULL,NULL,NULL,NULL,NULL,NULL,NULL,NULL,NULL,NULL),(26,6415,'Felipe López','Was','SS',NULL,111,NULL,NULL,NULL,NULL,NULL,NULL,98,11,52,44,0.274,66,'169/617',33,1,NULL,NULL,NULL,NULL,NULL,NULL,NULL,NULL,NULL,NULL,NULL),(27,5492,'Mike Cameron','SD','OF',NULL,112,NULL,NULL,NULL,NULL,NULL,NULL,88,22,83,25,0.268,106,'148/552',32,3,NULL,NULL,NULL,NULL,NULL,NULL,NULL,NULL,NULL,NULL,NULL),(28,6558,'Eric Byrnes','Ari','OF',NULL,116,NULL,NULL,NULL,NULL,NULL,NULL,82,26,79,25,0.267,156,'150/562',83,1,NULL,NULL,NULL,NULL,NULL,NULL,NULL,NULL,NULL,NULL,NULL),(29,6401,'Nick Johnson','Was','1B',NULL,120,NULL,NULL,NULL,NULL,NULL,NULL,100,23,77,10,0.29,146,'145/500',234,4,NULL,NULL,NULL,NULL,NULL,NULL,NULL,NULL,NULL,NULL,NULL),(30,6763,'Adam Dunn','Cin','OF',NULL,122,NULL,NULL,NULL,NULL,NULL,NULL,99,40,92,7,0.234,82,'131/561',500,15,NULL,NULL,NULL,NULL,NULL,NULL,NULL,NULL,NULL,NULL,NULL),(31,7253,'Adam LaRoche','Pit','1B',NULL,128,NULL,NULL,NULL,NULL,NULL,NULL,89,32,90,0,0.285,143,'140/492',61,4,NULL,NULL,NULL,NULL,NULL,NULL,NULL,NULL,NULL,NULL,NULL),(32,7569,'Brian McCann','Atl','C',NULL,129,NULL,NULL,NULL,NULL,NULL,NULL,61,24,93,2,0.333,50,'147/442',500,15,NULL,NULL,NULL,NULL,NULL,NULL,NULL,NULL,NULL,NULL,NULL),(33,5323,'Ray Durham','SF','2B',NULL,130,NULL,NULL,NULL,NULL,NULL,NULL,79,26,93,7,0.293,154,'146/498',53,4,NULL,NULL,NULL,NULL,NULL,NULL,NULL,NULL,NULL,NULL,NULL),(34,5602,'Édgar Rentería','Atl','SS',NULL,136,NULL,NULL,NULL,NULL,NULL,NULL,100,14,70,17,0.293,101,'175/598',96,2,NULL,NULL,NULL,NULL,NULL,NULL,NULL,NULL,NULL,NULL,NULL),(35,5706,'Nomar Garciaparra','LAD','1B',NULL,142,NULL,NULL,NULL,NULL,NULL,NULL,82,20,93,3,0.303,122,'142/469',103,3,NULL,NULL,NULL,NULL,NULL,NULL,NULL,NULL,NULL,NULL,NULL),(36,6999,'Freddy Sánchez','Pit','2B,3B,SS',NULL,144,NULL,NULL,NULL,NULL,NULL,NULL,85,6,85,3,0.344,140,'200/582',116,3,NULL,NULL,NULL,NULL,NULL,NULL,NULL,NULL,NULL,NULL,NULL),(37,6305,'Dave Roberts','SF','OF',NULL,146,NULL,NULL,NULL,NULL,NULL,NULL,80,2,44,49,0.293,213,'146/499',91,1,NULL,NULL,NULL,NULL,NULL,NULL,NULL,NULL,NULL,NULL,NULL),(38,7054,'Adrián González','SD','1B',NULL,152,NULL,NULL,NULL,NULL,NULL,NULL,83,24,82,0,0.304,240,'173/570',102,4,NULL,NULL,NULL,NULL,NULL,NULL,NULL,NULL,NULL,NULL,NULL),(39,6246,'Jacque Jones','ChC','OF',NULL,156,NULL,NULL,NULL,NULL,NULL,NULL,73,27,81,9,0.285,262,'152/533',97,2,NULL,NULL,NULL,NULL,NULL,NULL,NULL,NULL,NULL,NULL,NULL),(40,7594,'Jeff Francoeur','Atl','OF',NULL,161,NULL,NULL,NULL,NULL,NULL,NULL,83,29,103,1,0.26,149,'169/651',120,6,NULL,NULL,NULL,NULL,NULL,NULL,NULL,NULL,NULL,NULL,NULL),(41,5870,'Todd Helton','Col','1B',NULL,163,NULL,NULL,NULL,NULL,NULL,NULL,94,15,81,3,0.302,77,'165/546',500,15,NULL,NULL,NULL,NULL,NULL,NULL,NULL,NULL,NULL,NULL,NULL),(42,7290,'Prince Fielder','Mil','1B',NULL,165,NULL,NULL,NULL,NULL,NULL,NULL,82,28,81,7,0.271,86,'154/569',58,3,NULL,NULL,NULL,NULL,NULL,NULL,NULL,NULL,NULL,NULL,NULL),(43,6851,'Austin Kearns','Was','OF',NULL,170,NULL,NULL,NULL,NULL,NULL,NULL,86,24,86,9,0.264,168,'142/537',122,5,NULL,NULL,NULL,NULL,NULL,NULL,NULL,NULL,NULL,NULL,NULL),(44,7047,'Chad Tracy','Ari','3B',NULL,175,NULL,NULL,NULL,NULL,NULL,NULL,91,20,80,5,0.281,166,'168/597',90,5,NULL,NULL,NULL,NULL,NULL,NULL,NULL,NULL,NULL,NULL,NULL),(45,6857,'Brandon Phillips','Cin','2B',NULL,180,NULL,NULL,NULL,NULL,NULL,NULL,65,17,75,25,0.276,134,'148/536',40,2,NULL,NULL,NULL,NULL,NULL,NULL,NULL,NULL,NULL,NULL,NULL),(46,6375,'Pat Burrell','Phi','OF',NULL,186,NULL,NULL,NULL,NULL,NULL,NULL,80,29,95,0,0.258,150,'119/462',500,15,NULL,NULL,NULL,NULL,NULL,NULL,NULL,NULL,NULL,NULL,NULL),(47,7322,'Brad Hawpe','Col','OF',NULL,187,NULL,NULL,NULL,NULL,NULL,NULL,67,22,84,5,0.293,188,'146/499',500,15,NULL,NULL,NULL,NULL,NULL,NULL,NULL,NULL,NULL,NULL,NULL),(48,4306,'Omar Vizquel','SF','SS',NULL,190,NULL,NULL,NULL,NULL,NULL,NULL,88,4,58,24,0.295,296,'171/579',134,2,NULL,NULL,NULL,NULL,NULL,NULL,NULL,NULL,NULL,NULL,NULL),(49,6875,'Orlando Hudson','Ari','2B',NULL,198,NULL,NULL,NULL,NULL,NULL,NULL,87,15,67,9,0.287,194,'166/579',500,15,NULL,NULL,NULL,NULL,NULL,NULL,NULL,NULL,NULL,NULL,NULL),(50,3918,'Barry Bonds','SF','OF',NULL,210,NULL,NULL,NULL,NULL,NULL,NULL,74,26,77,3,0.27,189,'99/367',500,15,NULL,NULL,NULL,NULL,NULL,NULL,NULL,NULL,NULL,NULL,NULL),(51,5904,'Juan Encarnación','StL','OF',NULL,213,NULL,NULL,NULL,NULL,NULL,NULL,74,19,79,6,0.278,301,'155/557',500,15,NULL,NULL,NULL,NULL,NULL,NULL,NULL,NULL,NULL,NULL,NULL),(52,5523,'Rich Aurilia','SF','1B,2B,3B,SS',NULL,215,NULL,NULL,NULL,NULL,NULL,NULL,61,23,70,3,0.3,309,'132/440',181,5,NULL,NULL,NULL,NULL,NULL,NULL,NULL,NULL,NULL,NULL,NULL),(53,5543,'Brian Giles','SD','OF',NULL,216,NULL,NULL,NULL,NULL,NULL,NULL,87,14,83,9,0.263,197,'159/604',146,2,NULL,NULL,NULL,NULL,NULL,NULL,NULL,NULL,NULL,NULL,NULL),(54,6094,'Mark DeRosa','ChC','2B,3B,OF',NULL,219,NULL,NULL,NULL,NULL,NULL,NULL,78,13,74,4,0.296,344,'154/520',170,8,NULL,NULL,NULL,NULL,NULL,NULL,NULL,NULL,NULL,NULL,NULL),(55,7486,'Conor Jackson','Ari','1B',NULL,228,NULL,NULL,NULL,NULL,NULL,NULL,75,15,79,1,0.291,218,'141/485',171,4,NULL,NULL,NULL,NULL,NULL,NULL,NULL,NULL,NULL,NULL,NULL),(56,4517,'Moisés Alou','NYM','OF',NULL,230,NULL,NULL,NULL,NULL,NULL,NULL,52,22,74,2,0.301,186,'104/345',121,7,NULL,NULL,NULL,NULL,NULL,NULL,NULL,NULL,NULL,NULL,NULL),(57,7373,'Josh Willingham','Fla','OF',NULL,231,NULL,NULL,NULL,NULL,NULL,NULL,62,26,74,2,0.277,167,'139/502',143,5,NULL,NULL,NULL,NULL,NULL,NULL,NULL,NULL,NULL,NULL,NULL),(58,4576,'Luis González','LAD','OF',NULL,237,NULL,NULL,NULL,NULL,NULL,NULL,93,15,73,0,0.271,278,'159/586',190,5,NULL,NULL,NULL,NULL,NULL,NULL,NULL,NULL,NULL,NULL,NULL),(59,6578,'Pedro Feliz','SF','3B',NULL,238,NULL,NULL,NULL,NULL,NULL,NULL,75,22,98,1,0.244,231,'147/603',141,6,NULL,NULL,NULL,NULL,NULL,NULL,NULL,NULL,NULL,NULL,NULL),(60,7597,'Matt Murton','ChC','OF',NULL,258,NULL,NULL,NULL,NULL,NULL,NULL,70,13,62,5,0.297,256,'135/455',222,10,NULL,NULL,NULL,NULL,NULL,NULL,NULL,NULL,NULL,NULL,NULL),(61,7269,'Willy Taveras','Col','OF',NULL,263,NULL,NULL,NULL,NULL,NULL,NULL,83,1,30,33,0.278,147,'147/529',95,1,NULL,NULL,NULL,NULL,NULL,NULL,NULL,NULL,NULL,NULL,NULL),(62,6685,'Ryan Freel','Cin','2B,3B,OF',NULL,268,NULL,NULL,NULL,NULL,NULL,NULL,67,8,27,37,0.271,163,'123/454',500,15,NULL,NULL,NULL,NULL,NULL,NULL,NULL,NULL,NULL,NULL,NULL),(63,6032,'Paul Lo Duca','NYM','C',NULL,277,NULL,NULL,NULL,NULL,NULL,NULL,80,5,49,3,0.318,241,'163/512',219,2,NULL,NULL,NULL,NULL,NULL,NULL,NULL,NULL,NULL,NULL,NULL),(64,5179,'Shawn Green','NYM','1B,OF',NULL,279,NULL,NULL,NULL,NULL,NULL,NULL,73,15,66,4,0.277,266,'147/530',500,15,NULL,NULL,NULL,NULL,NULL,NULL,NULL,NULL,NULL,NULL,NULL),(65,6624,'Marcus Giles','SD','2B',NULL,281,NULL,NULL,NULL,NULL,NULL,NULL,87,11,60,10,0.262,159,'144/550',500,15,NULL,NULL,NULL,NULL,NULL,NULL,NULL,NULL,NULL,NULL,NULL),(66,5994,'Preston Wilson','StL','OF',NULL,284,NULL,NULL,NULL,NULL,NULL,NULL,58,17,72,12,0.263,268,'132/501',500,15,NULL,NULL,NULL,NULL,NULL,NULL,NULL,NULL,NULL,NULL,NULL),(67,7628,'Russell Martin','LAD','C',NULL,289,NULL,NULL,NULL,NULL,NULL,NULL,65,10,65,10,0.282,220,'117/415',500,15,NULL,NULL,NULL,NULL,NULL,NULL,NULL,NULL,NULL,NULL,NULL),(68,7278,'Edwin Encarnación','Cin','3B',NULL,292,NULL,NULL,NULL,NULL,NULL,NULL,60,15,72,6,0.276,252,'112/406',500,15,NULL,NULL,NULL,NULL,NULL,NULL,NULL,NULL,NULL,NULL,NULL),(69,4826,'Jeff Kent','LAD','1B,2B',NULL,296,NULL,NULL,NULL,NULL,NULL,NULL,61,14,68,1,0.292,90,'119/407',500,15,NULL,NULL,NULL,NULL,NULL,NULL,NULL,NULL,NULL,NULL,NULL),(70,7024,'Jamey Carroll','Col','2B,SS',NULL,300,NULL,NULL,NULL,NULL,NULL,NULL,84,5,36,10,0.3,394,'139/463',500,15,NULL,NULL,NULL,NULL,NULL,NULL,NULL,NULL,NULL,NULL,NULL),(71,4305,'Ken Griffey Jr.','Cin','OF',NULL,301,NULL,NULL,NULL,NULL,NULL,NULL,62,27,72,0,0.252,190,'108/428',500,15,NULL,NULL,NULL,NULL,NULL,NULL,NULL,NULL,NULL,NULL,NULL),(72,5948,'Geoff Jenkins','Mil','OF',NULL,303,NULL,NULL,NULL,NULL,NULL,NULL,62,17,70,4,0.271,232,'131/484',500,15,NULL,NULL,NULL,NULL,NULL,NULL,NULL,NULL,NULL,NULL,NULL),(73,6390,'Mike Lamb','Hou','1B,3B',NULL,305,NULL,NULL,NULL,NULL,NULL,NULL,70,12,45,2,0.307,376,'117/381',500,15,NULL,NULL,NULL,NULL,NULL,NULL,NULL,NULL,NULL,NULL,NULL),(74,5998,'Randy Winn','SF','OF',NULL,307,NULL,NULL,NULL,NULL,NULL,NULL,82,11,56,10,0.262,260,'150/573',500,15,NULL,NULL,NULL,NULL,NULL,NULL,NULL,NULL,NULL,NULL,NULL),(75,4217,'Craig Biggio','Hou','2B',NULL,314,NULL,NULL,NULL,NULL,NULL,NULL,79,21,62,3,0.246,184,'135/548',500,15,NULL,NULL,NULL,NULL,NULL,NULL,NULL,NULL,NULL,NULL,NULL),(76,6098,'Michael Barrett','ChC','C',NULL,317,NULL,NULL,NULL,NULL,NULL,NULL,54,16,53,0,0.307,165,'115/375',108,8,NULL,NULL,NULL,NULL,NULL,NULL,NULL,NULL,NULL,NULL,NULL),(77,7623,'Mike Jacobs','Fla','1B',NULL,318,NULL,NULL,NULL,NULL,NULL,NULL,54,20,77,3,0.262,405,'123/469',500,15,NULL,NULL,NULL,NULL,NULL,NULL,NULL,NULL,NULL,NULL,NULL),(78,7213,'Rickie Weeks','Mil','2B',NULL,320,NULL,NULL,NULL,NULL,NULL,NULL,73,8,34,19,0.279,68,'100/359',500,15,NULL,NULL,NULL,NULL,NULL,NULL,NULL,NULL,NULL,NULL,NULL),(79,7658,'Chris Duncan','StL','1B,OF',NULL,325,NULL,NULL,NULL,NULL,NULL,NULL,60,22,43,0,0.293,406,'82/280',500,15,NULL,NULL,NULL,NULL,NULL,NULL,NULL,NULL,NULL,NULL,NULL),(80,6610,'Xavier Nady','Pit','1B,OF',NULL,328,NULL,NULL,NULL,NULL,NULL,NULL,57,17,63,3,0.28,382,'131/468',500,15,NULL,NULL,NULL,NULL,NULL,NULL,NULL,NULL,NULL,NULL,NULL),(81,7710,'Andre Ethier','LAD','OF',NULL,331,NULL,NULL,NULL,NULL,NULL,NULL,50,11,55,5,0.308,248,'122/396',500,15,NULL,NULL,NULL,NULL,NULL,NULL,NULL,NULL,NULL,NULL,NULL),(82,4948,'José Valentín','NYM','2B,OF',NULL,332,NULL,NULL,NULL,NULL,NULL,NULL,56,18,62,6,0.271,472,'104/384',500,15,NULL,NULL,NULL,NULL,NULL,NULL,NULL,NULL,NULL,NULL,NULL),(83,5504,'Mark Loretta','Hou','1B,2B',NULL,349,NULL,NULL,NULL,NULL,NULL,NULL,75,5,59,4,0.285,233,'181/635',500,15,NULL,NULL,NULL,NULL,NULL,NULL,NULL,NULL,NULL,NULL,NULL),(84,6720,'Johnny Estrada','Mil','C',NULL,355,NULL,NULL,NULL,NULL,NULL,NULL,43,11,71,0,0.302,247,'125/414',500,15,NULL,NULL,NULL,NULL,NULL,NULL,NULL,NULL,NULL,NULL,NULL),(85,5514,'Scott Hatteberg','Cin','1B',NULL,359,NULL,NULL,NULL,NULL,NULL,NULL,62,13,51,2,0.289,395,'132/456',500,15,NULL,NULL,NULL,NULL,NULL,NULL,NULL,NULL,NULL,NULL,NULL),(86,5151,'Jim Edmonds','StL','OF',NULL,364,NULL,NULL,NULL,NULL,NULL,NULL,52,19,70,4,0.257,204,'90/350',500,15,NULL,NULL,NULL,NULL,NULL,NULL,NULL,NULL,NULL,NULL,NULL),(87,6026,'Bengie Molina','SF','C',NULL,367,NULL,NULL,NULL,NULL,NULL,NULL,44,19,57,1,0.284,236,'123/433',500,15,NULL,NULL,NULL,NULL,NULL,NULL,NULL,NULL,NULL,NULL,NULL),(88,5590,'Tony Graffanino','Mil','1B,2B,3B,SS',NULL,368,NULL,NULL,NULL,NULL,NULL,NULL,68,7,59,5,0.274,383,'125/456',500,15,NULL,NULL,NULL,NULL,NULL,NULL,NULL,NULL,NULL,NULL,NULL),(89,6733,'Endy Chávez','NYM','OF',NULL,378,NULL,NULL,NULL,NULL,NULL,NULL,48,4,42,12,0.306,447,'108/353',500,15,NULL,NULL,NULL,NULL,NULL,NULL,NULL,NULL,NULL,NULL,NULL),(90,7104,'Shane Victorino','Phi','OF',NULL,382,NULL,NULL,NULL,NULL,NULL,NULL,70,6,46,4,0.287,452,'119/415',500,15,NULL,NULL,NULL,NULL,NULL,NULL,NULL,NULL,NULL,NULL,NULL),(91,7521,'Luke Scott','Hou','OF',NULL,388,NULL,NULL,NULL,NULL,NULL,NULL,31,10,37,2,0.336,461,'72/214',500,15,NULL,NULL,NULL,NULL,NULL,NULL,NULL,NULL,NULL,NULL,NULL),(92,6604,'Morgan Ensberg','Hou','3B',NULL,390,NULL,NULL,NULL,NULL,NULL,NULL,67,23,58,1,0.235,145,'91/387',153,5,NULL,NULL,NULL,NULL,NULL,NULL,NULL,NULL,NULL,NULL,NULL),(93,6318,'Adam Kennedy','StL','2B',NULL,393,NULL,NULL,NULL,NULL,NULL,NULL,50,4,55,16,0.273,401,'123/451',500,15,NULL,NULL,NULL,NULL,NULL,NULL,NULL,NULL,NULL,NULL,NULL),(94,6080,'Wes Helms','Phi','1B,3B',NULL,397,NULL,NULL,NULL,NULL,NULL,NULL,30,10,47,0,0.329,449,'79/240',500,15,NULL,NULL,NULL,NULL,NULL,NULL,NULL,NULL,NULL,NULL,NULL),(95,7302,'José Castillo','Pit','2B',NULL,402,NULL,NULL,NULL,NULL,NULL,NULL,54,14,65,6,0.253,419,'131/518',500,15,NULL,NULL,NULL,NULL,NULL,NULL,NULL,NULL,NULL,NULL,NULL),(96,6742,'Aaron Rowand','Phi','OF',NULL,404,NULL,NULL,NULL,NULL,NULL,NULL,59,12,47,10,0.262,234,'106/405',500,15,NULL,NULL,NULL,NULL,NULL,NULL,NULL,NULL,NULL,NULL,NULL),(97,7057,'Chris Burke','Hou','2B,OF',NULL,407,NULL,NULL,NULL,NULL,NULL,NULL,58,9,40,11,0.276,243,'101/366',500,15,NULL,NULL,NULL,NULL,NULL,NULL,NULL,NULL,NULL,NULL,NULL),(98,4600,'Jeff Conine','Cin','1B,OF',NULL,411,NULL,NULL,NULL,NULL,NULL,NULL,54,10,66,3,0.268,432,'131/489',500,15,NULL,NULL,NULL,NULL,NULL,NULL,NULL,NULL,NULL,NULL,NULL),(99,6987,'Josh Bard','SD','C',NULL,413,NULL,NULL,NULL,NULL,NULL,NULL,30,9,40,1,0.333,479,'83/249',500,15,NULL,NULL,NULL,NULL,NULL,NULL,NULL,NULL,NULL,NULL,NULL),(100,7028,'Miguel Olivo','Fla','C',NULL,421,NULL,NULL,NULL,NULL,NULL,NULL,52,16,58,2,0.263,481,'113/430',500,15,NULL,NULL,NULL,NULL,NULL,NULL,NULL,NULL,NULL,NULL,NULL),(101,7184,'Matt Diaz','Atl','OF',NULL,425,NULL,NULL,NULL,NULL,NULL,NULL,37,7,32,5,0.327,492,'97/297',500,15,NULL,NULL,NULL,NULL,NULL,NULL,NULL,NULL,NULL,NULL,NULL),(102,6811,'Wilson Betemit','LAD','2B,3B,SS',NULL,427,NULL,NULL,NULL,NULL,NULL,NULL,49,18,53,3,0.263,450,'98/373',500,15,NULL,NULL,NULL,NULL,NULL,NULL,NULL,NULL,NULL,NULL,NULL),(103,6900,'Kevin Mench','Mil','OF',NULL,429,NULL,NULL,NULL,NULL,NULL,NULL,45,13,68,1,0.269,259,'120/446',500,15,NULL,NULL,NULL,NULL,NULL,NULL,NULL,NULL,NULL,NULL,NULL),(104,5700,'Todd Walker','SD','1B,2B,3B',NULL,438,NULL,NULL,NULL,NULL,NULL,NULL,56,9,53,2,0.278,426,'123/442',500,15,NULL,NULL,NULL,NULL,NULL,NULL,NULL,NULL,NULL,NULL,NULL),(105,6101,'Marlon Anderson','LAD','2B,OF',NULL,440,NULL,NULL,NULL,NULL,NULL,NULL,43,12,38,4,0.297,480,'83/279',500,15,NULL,NULL,NULL,NULL,NULL,NULL,NULL,NULL,NULL,NULL,NULL),(106,7089,'Ronny Paulino','Pit','C',NULL,442,NULL,NULL,NULL,NULL,NULL,NULL,37,6,55,0,0.31,504,'137/442',500,15,NULL,NULL,NULL,NULL,NULL,NULL,NULL,NULL,NULL,NULL,NULL),(107,6693,'Jack Wilson','Pit','SS',NULL,453,NULL,NULL,NULL,NULL,NULL,NULL,70,8,35,4,0.273,442,'148/543',500,15,NULL,NULL,NULL,NULL,NULL,NULL,NULL,NULL,NULL,NULL,NULL),(108,7233,'Khalil Greene','SD','SS',NULL,456,NULL,NULL,NULL,NULL,NULL,NULL,56,15,55,5,0.245,437,'101/412',500,15,NULL,NULL,NULL,NULL,NULL,NULL,NULL,NULL,NULL,NULL,NULL),(109,6688,'David Eckstein','StL','SS',NULL,470,NULL,NULL,NULL,NULL,NULL,NULL,68,2,23,7,0.292,410,'146/500',500,15,NULL,NULL,NULL,NULL,NULL,NULL,NULL,NULL,NULL,NULL,NULL),(110,5738,'Scott Spiezio','StL','1B,3B,OF',NULL,480,NULL,NULL,NULL,NULL,NULL,NULL,44,13,52,1,0.272,533,'75/276',500,15,NULL,NULL,NULL,NULL,NULL,NULL,NULL,NULL,NULL,NULL,NULL),(111,6642,'Craig Wilson','Atl','1B,OF',NULL,488,NULL,NULL,NULL,NULL,NULL,NULL,53,17,49,1,0.251,536,'90/359',500,15,NULL,NULL,NULL,NULL,NULL,NULL,NULL,NULL,NULL,NULL,NULL),(112,5249,'Olmedo Sáenz','LAD','1B,3B',NULL,495,NULL,NULL,NULL,NULL,NULL,NULL,30,11,48,0,0.296,490,'53/179',500,15,NULL,NULL,NULL,NULL,NULL,NULL,NULL,NULL,NULL,NULL,NULL),(113,6956,'David Ross','Cin','C',NULL,497,NULL,NULL,NULL,NULL,NULL,NULL,37,21,52,0,0.255,544,'63/247',500,15,NULL,NULL,NULL,NULL,NULL,NULL,NULL,NULL,NULL,NULL,NULL),(114,6355,'Jeff DaVanon','Ari','OF',NULL,503,NULL,NULL,NULL,NULL,NULL,NULL,38,5,35,10,0.29,547,'64/221',500,15,NULL,NULL,NULL,NULL,NULL,NULL,NULL,NULL,NULL,NULL,NULL),(115,7770,'Chris Coste','Phi','C',NULL,505,NULL,NULL,NULL,NULL,NULL,NULL,25,7,32,0,0.328,553,'65/198',500,15,NULL,NULL,NULL,NULL,NULL,NULL,NULL,NULL,NULL,NULL,NULL),(116,7264,'José Bautista','Pit','3B,OF',NULL,514,NULL,NULL,NULL,NULL,NULL,NULL,58,16,51,2,0.235,560,'94/400',500,15,NULL,NULL,NULL,NULL,NULL,NULL,NULL,NULL,NULL,NULL,NULL),(117,6389,'Adam Everett','Hou','SS',NULL,524,NULL,NULL,NULL,NULL,NULL,NULL,52,6,59,9,0.239,483,'123/514',500,15,NULL,NULL,NULL,NULL,NULL,NULL,NULL,NULL,NULL,NULL,NULL),(118,5547,'Craig Counsell','Mil','SS',NULL,532,NULL,NULL,NULL,NULL,NULL,NULL,56,4,30,15,0.255,460,'95/372',500,15,NULL,NULL,NULL,NULL,NULL,NULL,NULL,NULL,NULL,NULL,NULL),(119,7524,'Chris Duffy','Pit','OF',NULL,547,NULL,NULL,NULL,NULL,NULL,NULL,46,2,18,26,0.255,195,'80/314',500,15,NULL,NULL,NULL,NULL,NULL,NULL,NULL,NULL,NULL,NULL,NULL),(120,5775,'Derrek Lee','ChC','1B',NULL,552,NULL,NULL,NULL,NULL,NULL,NULL,30,8,30,8,0.286,31,'50/175',6,3,NULL,NULL,NULL,NULL,NULL,NULL,NULL,NULL,NULL,NULL,NULL),(121,6077,'Álex González','Cin','SS',NULL,556,NULL,NULL,NULL,NULL,NULL,NULL,48,9,50,1,0.255,555,'99/388',500,15,NULL,NULL,NULL,NULL,NULL,NULL,NULL,NULL,NULL,NULL,NULL),(122,7336,'Corey Hart','Mil','OF',NULL,558,NULL,NULL,NULL,NULL,NULL,NULL,32,9,33,5,0.283,584,'67/237',500,15,NULL,NULL,NULL,NULL,NULL,NULL,NULL,NULL,NULL,NULL,NULL),(123,5838,'Aaron Boone','Fla','3B',NULL,561,NULL,NULL,NULL,NULL,NULL,NULL,50,7,46,5,0.251,517,'89/354',500,15,NULL,NULL,NULL,NULL,NULL,NULL,NULL,NULL,NULL,NULL,NULL),(124,7077,'Gabe Gross','Mil','OF',NULL,562,NULL,NULL,NULL,NULL,NULL,NULL,42,9,38,1,0.274,587,'57/208',500,15,NULL,NULL,NULL,NULL,NULL,NULL,NULL,NULL,NULL,NULL,NULL),(125,7560,'Stephen Drew','Ari','SS',NULL,566,NULL,NULL,NULL,NULL,NULL,NULL,27,5,23,2,0.316,136,'66/209',135,2,NULL,NULL,NULL,NULL,NULL,NULL,NULL,NULL,NULL,NULL,NULL),(126,5177,'Cliff Floyd','ChC','OF',NULL,567,NULL,NULL,NULL,NULL,NULL,NULL,45,11,44,6,0.244,274,'81/332',500,15,NULL,NULL,NULL,NULL,NULL,NULL,NULL,NULL,NULL,NULL,NULL),(127,6368,'Rod Barajas','Phi','C',NULL,568,NULL,NULL,NULL,NULL,NULL,NULL,49,11,41,0,0.256,532,'88/344',500,15,NULL,NULL,NULL,NULL,NULL,NULL,NULL,NULL,NULL,NULL,NULL),(128,6892,'Alfredo Amezaga','Fla','2B,SS,OF',NULL,573,NULL,NULL,NULL,NULL,NULL,NULL,42,3,19,20,0.26,594,'87/334',500,15,NULL,NULL,NULL,NULL,NULL,NULL,NULL,NULL,NULL,NULL,NULL),(129,6843,'So Taguchi','StL','OF',NULL,574,NULL,NULL,NULL,NULL,NULL,NULL,46,2,31,11,0.266,538,'84/316',500,15,NULL,NULL,NULL,NULL,NULL,NULL,NULL,NULL,NULL,NULL,NULL),(130,7527,'Ronny Cedeño','ChC','2B,SS',NULL,575,NULL,NULL,NULL,NULL,NULL,NULL,51,6,41,8,0.245,598,'131/534',500,15,NULL,NULL,NULL,NULL,NULL,NULL,NULL,NULL,NULL,NULL,NULL),(131,7346,'Cory Sullivan','Col','OF',NULL,576,NULL,NULL,NULL,NULL,NULL,NULL,47,2,30,10,0.267,539,'103/386',500,15,NULL,NULL,NULL,NULL,NULL,NULL,NULL,NULL,NULL,NULL,NULL),(132,7231,'Clint Barmes','Col','SS',NULL,584,NULL,NULL,NULL,NULL,NULL,NULL,57,7,56,5,0.22,551,'105/478',500,15,NULL,NULL,NULL,NULL,NULL,NULL,NULL,NULL,NULL,NULL,NULL),(133,7415,'Ryan Church','Was','OF',NULL,585,NULL,NULL,NULL,NULL,NULL,NULL,22,10,35,6,0.276,566,'54/196',500,15,NULL,NULL,NULL,NULL,NULL,NULL,NULL,NULL,NULL,NULL,NULL),(134,7787,'Eliezer Alfonzo','SF','C',NULL,598,NULL,NULL,NULL,NULL,NULL,NULL,27,12,39,1,0.266,617,'76/286',500,15,NULL,NULL,NULL,NULL,NULL,NULL,NULL,NULL,NULL,NULL,NULL),(135,6583,'Brady Clark','Mil','OF',NULL,601,NULL,NULL,NULL,NULL,NULL,NULL,51,4,29,3,0.263,511,'109/415',500,15,NULL,NULL,NULL,NULL,NULL,NULL,NULL,NULL,NULL,NULL,NULL),(136,6480,'Brian Schneider','Was','C',NULL,612,NULL,NULL,NULL,NULL,NULL,NULL,30,4,55,2,0.256,604,'105/410',500,15,NULL,NULL,NULL,NULL,NULL,NULL,NULL,NULL,NULL,NULL,NULL),(137,6110,'Corey Koskie','Mil','3B',NULL,616,NULL,NULL,NULL,NULL,NULL,NULL,29,12,33,1,0.261,608,'67/257',500,15,NULL,NULL,NULL,NULL,NULL,NULL,NULL,NULL,NULL,NULL,NULL),(138,7250,'Kazuo Matsui','Col','2B',NULL,617,NULL,NULL,NULL,NULL,NULL,NULL,32,3,26,10,0.267,631,'65/243',500,15,NULL,NULL,NULL,NULL,NULL,NULL,NULL,NULL,NULL,NULL,NULL),(139,6149,'Russell Branyan','SD','3B,OF',NULL,620,NULL,NULL,NULL,NULL,NULL,NULL,37,18,36,2,0.228,625,'55/241',500,15,NULL,NULL,NULL,NULL,NULL,NULL,NULL,NULL,NULL,NULL,NULL),(140,7638,'Willy Aybar','Atl','2B,3B',NULL,625,NULL,NULL,NULL,NULL,NULL,NULL,32,4,30,1,0.28,640,'68/243',500,15,NULL,NULL,NULL,NULL,NULL,NULL,NULL,NULL,NULL,NULL,NULL),(141,7228,'Aaron Miles','StL','2B,SS',NULL,626,NULL,NULL,NULL,NULL,NULL,NULL,48,2,30,2,0.263,618,'112/426',500,15,NULL,NULL,NULL,NULL,NULL,NULL,NULL,NULL,NULL,NULL,NULL),(142,7605,'John Rodríguez','StL','OF',NULL,627,NULL,NULL,NULL,NULL,NULL,NULL,31,2,19,0,0.301,628,'55/183',500,15,NULL,NULL,NULL,NULL,NULL,NULL,NULL,NULL,NULL,NULL,NULL),(143,7598,'Ryan Spilborghs','Col','OF',NULL,628,NULL,NULL,NULL,NULL,NULL,NULL,26,4,21,5,0.287,641,'48/167',500,15,NULL,NULL,NULL,NULL,NULL,NULL,NULL,NULL,NULL,NULL,NULL),(144,5270,'Mike Lieberthal','LAD','C',NULL,629,NULL,NULL,NULL,NULL,NULL,NULL,22,9,36,0,0.273,607,'57/209',500,15,NULL,NULL,NULL,NULL,NULL,NULL,NULL,NULL,NULL,NULL,NULL),(145,7053,'Cody Ross','Fla','OF',NULL,638,NULL,NULL,NULL,NULL,NULL,NULL,34,13,46,1,0.227,657,'61/269',500,15,NULL,NULL,NULL,NULL,NULL,NULL,NULL,NULL,NULL,NULL,NULL),(146,4965,'Javy López','Col','C',NULL,643,NULL,NULL,NULL,NULL,NULL,NULL,36,8,35,0,0.251,279,'86/342',500,15,NULL,NULL,NULL,NULL,NULL,NULL,NULL,NULL,NULL,NULL,NULL),(147,7513,'Nate McLouth','Pit','OF',NULL,644,NULL,NULL,NULL,NULL,NULL,NULL,50,7,16,10,0.233,661,'63/270',500,15,NULL,NULL,NULL,NULL,NULL,NULL,NULL,NULL,NULL,NULL,NULL),(148,7409,'Chris Snyder','Ari','C',NULL,655,NULL,NULL,NULL,NULL,NULL,NULL,19,6,32,0,0.277,947,'51/184',500,15,NULL,NULL,NULL,NULL,NULL,NULL,NULL,NULL,NULL,NULL,NULL),(149,6795,'Yorvit Torrealba','Col','C',NULL,656,NULL,NULL,NULL,NULL,NULL,NULL,23,7,43,4,0.247,692,'55/223',500,15,NULL,NULL,NULL,NULL,NULL,NULL,NULL,NULL,NULL,NULL,NULL),(150,5862,'Henry Blanco','ChC','C,1B',NULL,657,NULL,NULL,NULL,NULL,NULL,NULL,23,6,37,0,0.266,687,'64/241',500,15,NULL,NULL,NULL,NULL,NULL,NULL,NULL,NULL,NULL,NULL,NULL),(151,5878,'Damian Miller','Mil','C',NULL,658,NULL,NULL,NULL,NULL,NULL,NULL,34,6,38,0,0.251,632,'83/331',500,15,NULL,NULL,NULL,NULL,NULL,NULL,NULL,NULL,NULL,NULL,NULL),(152,7492,'Jeremy Hermida','Fla','OF',NULL,659,NULL,NULL,NULL,NULL,NULL,NULL,37,5,28,4,0.251,244,'77/307',500,15,NULL,NULL,NULL,NULL,NULL,NULL,NULL,NULL,NULL,NULL,NULL),(153,6920,'Ryan Langerhans','Atl','OF',NULL,660,NULL,NULL,NULL,NULL,NULL,NULL,46,7,28,1,0.241,638,'76/315',500,15,NULL,NULL,NULL,NULL,NULL,NULL,NULL,NULL,NULL,NULL,NULL),(154,5915,'Javier Valentín','Cin','C',NULL,661,NULL,NULL,NULL,NULL,NULL,NULL,24,8,27,0,0.269,627,'50/186',500,15,NULL,NULL,NULL,NULL,NULL,NULL,NULL,NULL,NULL,NULL,NULL),(155,7780,'Matt Kemp','LAD','OF',NULL,667,NULL,NULL,NULL,NULL,NULL,NULL,30,7,23,6,0.253,682,'39/154',500,15,NULL,NULL,NULL,NULL,NULL,NULL,NULL,NULL,NULL,NULL,NULL),(156,6855,'Jason Lane','Hou','OF',NULL,669,NULL,NULL,NULL,NULL,NULL,NULL,44,15,45,1,0.201,273,'58/288',500,15,NULL,NULL,NULL,NULL,NULL,NULL,NULL,NULL,NULL,NULL,NULL),(157,5473,'Mark Sweeney','SF','1B,OF',NULL,675,NULL,NULL,NULL,NULL,NULL,NULL,32,5,37,0,0.251,645,'65/259',500,15,NULL,NULL,NULL,NULL,NULL,NULL,NULL,NULL,NULL,NULL,NULL),(158,7485,'Carlos Quentin','Ari','OF',NULL,678,NULL,NULL,NULL,NULL,NULL,NULL,23,9,32,1,0.253,246,'42/166',500,15,NULL,NULL,NULL,NULL,NULL,NULL,NULL,NULL,NULL,NULL,NULL),(159,3001,'Julio Franco','NYM','1B',NULL,686,NULL,NULL,NULL,NULL,NULL,NULL,14,2,26,6,0.273,665,'45/165',500,15,NULL,NULL,NULL,NULL,NULL,NULL,NULL,NULL,NULL,NULL,NULL),(160,6307,'Geoff Blum','SD','3B,SS',NULL,695,NULL,NULL,NULL,NULL,NULL,NULL,27,4,34,0,0.254,959,'70/276',500,15,NULL,NULL,NULL,NULL,NULL,NULL,NULL,NULL,NULL,NULL,NULL),(161,6034,'Ramón E. Martínez','LAD','2B,3B,SS',NULL,697,NULL,NULL,NULL,NULL,NULL,NULL,20,2,24,0,0.278,958,'49/176',500,15,NULL,NULL,NULL,NULL,NULL,NULL,NULL,NULL,NULL,NULL,NULL),(162,5095,'Brad Ausmus','Hou','C',NULL,699,NULL,NULL,NULL,NULL,NULL,NULL,37,2,39,3,0.23,827,'101/439',500,15,NULL,NULL,NULL,NULL,NULL,NULL,NULL,NULL,NULL,NULL,NULL),(163,6820,'Mike Rivera','Mil','C',NULL,700,NULL,NULL,NULL,NULL,NULL,NULL,16,6,24,0,0.268,964,'38/142',500,15,NULL,NULL,NULL,NULL,NULL,NULL,NULL,NULL,NULL,NULL,NULL),(164,6849,'Joe Borchard','Fla','OF',NULL,703,NULL,NULL,NULL,NULL,NULL,NULL,33,10,28,0,0.23,967,'55/239',500,15,NULL,NULL,NULL,NULL,NULL,NULL,NULL,NULL,NULL,NULL,NULL),(165,7234,'Lance Niekro','SF','1B',NULL,706,NULL,NULL,NULL,NULL,NULL,NULL,27,5,31,0,0.246,950,'49/199',500,15,NULL,NULL,NULL,NULL,NULL,NULL,NULL,NULL,NULL,NULL,NULL),(166,7345,'Yadier Molina','StL','C',NULL,707,NULL,NULL,NULL,NULL,NULL,NULL,29,6,49,1,0.216,955,'90/417',500,15,NULL,NULL,NULL,NULL,NULL,NULL,NULL,NULL,NULL,NULL,NULL),(167,7717,'Ángel Pagán','ChC','OF',NULL,708,NULL,NULL,NULL,NULL,NULL,NULL,28,5,18,4,0.247,976,'42/170',500,15,NULL,NULL,NULL,NULL,NULL,NULL,NULL,NULL,NULL,NULL,NULL),(168,4913,'Damion Easley','NYM','2B,3B,SS',NULL,713,NULL,NULL,NULL,NULL,NULL,NULL,24,9,28,1,0.233,973,'44/189',500,15,NULL,NULL,NULL,NULL,NULL,NULL,NULL,NULL,NULL,NULL,NULL),(169,5786,'José Cruz','SD','OF',NULL,716,NULL,NULL,NULL,NULL,NULL,NULL,34,5,17,5,0.233,829,'52/223',500,15,NULL,NULL,NULL,NULL,NULL,NULL,NULL,NULL,NULL,NULL,NULL),(170,7713,'Reggie Abercrombie','Fla','OF',NULL,722,NULL,NULL,NULL,NULL,NULL,NULL,39,5,24,6,0.212,985,'54/255',500,15,NULL,NULL,NULL,NULL,NULL,NULL,NULL,NULL,NULL,NULL,NULL),(171,5508,'Juan Castro','Cin','3B,SS',NULL,723,NULL,NULL,NULL,NULL,NULL,NULL,18,3,28,1,0.251,983,'63/251',500,15,NULL,NULL,NULL,NULL,NULL,NULL,NULL,NULL,NULL,NULL,NULL),(172,5886,'Abraham Núñez','Phi','2B,3B',NULL,728,NULL,NULL,NULL,NULL,NULL,NULL,42,2,32,1,0.211,965,'68/322',500,15,NULL,NULL,NULL,NULL,NULL,NULL,NULL,NULL,NULL,NULL,NULL),(173,7424,'Pete Orr','Atl','2B,3B',NULL,744,NULL,NULL,NULL,NULL,NULL,NULL,22,1,8,2,0.253,989,'39/154',500,15,NULL,NULL,NULL,NULL,NULL,NULL,NULL,NULL,NULL,NULL,NULL),(174,7706,'Lastings Milledge','NYM','OF',NULL,745,NULL,NULL,NULL,NULL,NULL,NULL,14,4,22,1,0.241,996,'40/166',500,15,NULL,NULL,NULL,NULL,NULL,NULL,NULL,NULL,NULL,NULL,NULL),(175,6638,'César Izturis','ChC','3B,SS',NULL,750,NULL,NULL,NULL,NULL,NULL,NULL,14,1,18,1,0.245,993,'47/192',500,15,NULL,NULL,NULL,NULL,NULL,NULL,NULL,NULL,NULL,NULL,NULL),(176,6244,'Chris Woodward','Atl','2B,3B,SS,OF',NULL,752,NULL,NULL,NULL,NULL,NULL,NULL,25,3,25,1,0.216,1003,'48/222',500,15,NULL,NULL,NULL,NULL,NULL,NULL,NULL,NULL,NULL,NULL,NULL),(177,5517,'Gary Bennett','StL','C',NULL,757,NULL,NULL,NULL,NULL,NULL,NULL,13,4,22,0,0.223,1009,'35/157',500,15,NULL,NULL,NULL,NULL,NULL,NULL,NULL,NULL,NULL,NULL,NULL),(178,7344,'Matt Treanor','Fla','C',NULL,765,NULL,NULL,NULL,NULL,NULL,NULL,12,2,14,0,0.229,1007,'36/157',500,15,NULL,NULL,NULL,NULL,NULL,NULL,NULL,NULL,NULL,NULL,NULL),(179,7564,'Ryan Doumit','Pit','C,1B',NULL,768,NULL,NULL,NULL,NULL,NULL,NULL,15,6,17,0,0.208,1006,'31/149',500,15,NULL,NULL,NULL,NULL,NULL,NULL,NULL,NULL,NULL,NULL,NULL),(180,7757,'Carlos Ruiz','Phi','C',NULL,781,NULL,NULL,NULL,NULL,NULL,NULL,5,3,10,0,0.261,882,'18/69',500,15,NULL,NULL,NULL,NULL,NULL,NULL,NULL,NULL,NULL,NULL,NULL),(181,6949,'Alexis Gómez','Col','OF',NULL,791,NULL,NULL,NULL,NULL,NULL,NULL,17,1,6,4,0.272,850,'28/103',500,15,NULL,NULL,NULL,NULL,NULL,NULL,NULL,NULL,NULL,NULL,NULL),(182,7749,'Kevin Frandsen','SF','2B',NULL,796,NULL,NULL,NULL,NULL,NULL,NULL,12,2,7,0,0.215,846,'20/93',500,15,NULL,NULL,NULL,NULL,NULL,NULL,NULL,NULL,NULL,NULL,NULL),(183,6002,'Daryle Ward','ChC','1B,OF',NULL,808,NULL,NULL,NULL,NULL,NULL,NULL,17,7,26,0,0.308,648,'40/130',500,15,NULL,NULL,NULL,NULL,NULL,NULL,NULL,NULL,NULL,NULL,NULL),(184,7414,'Jeff Keppinger','Cin','3B',NULL,814,NULL,NULL,NULL,NULL,NULL,NULL,11,2,8,0,0.267,843,'16/60',500,15,NULL,NULL,NULL,NULL,NULL,NULL,NULL,NULL,NULL,NULL,NULL),(185,6937,'Chris Snelling','Was','OF',NULL,816,NULL,NULL,NULL,NULL,NULL,NULL,14,3,8,2,0.25,836,'24/96',500,15,NULL,NULL,NULL,NULL,NULL,NULL,NULL,NULL,NULL,NULL,NULL),(186,7738,'Chris B. Young','Ari','OF',NULL,817,NULL,NULL,NULL,NULL,NULL,NULL,10,2,10,2,0.243,945,'17/70',500,15,NULL,NULL,NULL,NULL,NULL,NULL,NULL,NULL,NULL,NULL,NULL),(187,7737,'Martín Prado','Atl','2B',NULL,820,NULL,NULL,NULL,NULL,NULL,NULL,3,1,9,0,0.262,943,'11/42',500,15,NULL,NULL,NULL,NULL,NULL,NULL,NULL,NULL,NULL,NULL,NULL),(188,7274,'JD Closser','Mil','C',NULL,822,NULL,NULL,NULL,NULL,NULL,NULL,10,2,11,0,0.196,956,'19/97',500,15,NULL,NULL,NULL,NULL,NULL,NULL,NULL,NULL,NULL,NULL,NULL),(189,7734,'Travis Ishikawa','SF','1B',NULL,827,NULL,NULL,NULL,NULL,NULL,NULL,1,0,4,0,0.292,933,'7/24',500,15,NULL,NULL,NULL,NULL,NULL,NULL,NULL,NULL,NULL,NULL,NULL),(190,7731,'Tony F. Peña','Atl','SS',NULL,829,NULL,NULL,NULL,NULL,NULL,NULL,12,1,3,0,0.227,922,'10/44',500,15,NULL,NULL,NULL,NULL,NULL,NULL,NULL,NULL,NULL,NULL,NULL),(191,7587,'Ben Johnson','NYM','OF',NULL,836,NULL,NULL,NULL,NULL,NULL,NULL,19,4,12,3,0.25,910,'30/120',500,15,NULL,NULL,NULL,NULL,NULL,NULL,NULL,NULL,NULL,NULL,NULL),(192,7584,'Paul McAnulty','SD','OF',NULL,839,NULL,NULL,NULL,NULL,NULL,NULL,3,1,3,0,0.231,894,'3/13',500,15,NULL,NULL,NULL,NULL,NULL,NULL,NULL,NULL,NULL,NULL,NULL),(193,6626,'Jack Cust','SD','OF',NULL,840,NULL,NULL,NULL,NULL,NULL,NULL,1,0,0,0,0.333,908,'1/3',500,15,NULL,NULL,NULL,NULL,NULL,NULL,NULL,NULL,NULL,NULL,NULL),(194,7283,'J.J. Hardy','Mil','SS',NULL,841,NULL,NULL,NULL,NULL,NULL,NULL,13,5,14,1,0.242,667,'31/128',500,15,NULL,NULL,NULL,NULL,NULL,NULL,NULL,NULL,NULL,NULL,NULL),(195,6628,'Álex Escobar','Was','OF',NULL,842,NULL,NULL,NULL,NULL,NULL,NULL,14,4,18,2,0.356,887,'31/87',500,15,NULL,NULL,NULL,NULL,NULL,NULL,NULL,NULL,NULL,NULL,NULL),(196,7725,'James Loney','LAD','1B',NULL,848,NULL,NULL,NULL,NULL,NULL,NULL,20,4,18,1,0.284,865,'29/102',500,15,NULL,NULL,NULL,NULL,NULL,NULL,NULL,NULL,NULL,NULL,NULL),(197,7439,'Greg Dobbs','Phi','Util',NULL,859,NULL,NULL,NULL,NULL,NULL,NULL,4,0,3,0,0.37,969,'10/27',500,15,NULL,NULL,NULL,NULL,NULL,NULL,NULL,NULL,NULL,NULL,NULL),(198,7567,'Skip Schumaker','StL','OF',NULL,872,NULL,NULL,NULL,NULL,NULL,NULL,3,1,2,2,0.185,929,'10/54',500,15,NULL,NULL,NULL,NULL,NULL,NULL,NULL,NULL,NULL,NULL,NULL),(199,7702,'Eric Reed','Fla','OF',NULL,883,NULL,NULL,NULL,NULL,NULL,NULL,6,0,0,3,0.098,906,'4/41',500,15,NULL,NULL,NULL,NULL,NULL,NULL,NULL,NULL,NULL,NULL,NULL),(200,7601,'Danny Sandoval','Phi','Util',NULL,890,NULL,NULL,NULL,NULL,NULL,NULL,1,0,4,0,0.211,845,'8/38',500,15,NULL,NULL,NULL,NULL,NULL,NULL,NULL,NULL,NULL,NULL,NULL),(201,7551,'Brayan Peña','Atl','C',NULL,897,NULL,NULL,NULL,NULL,NULL,NULL,9,1,5,0,0.268,923,'11/41',500,15,NULL,NULL,NULL,NULL,NULL,NULL,NULL,NULL,NULL,NULL,NULL),(202,7615,'Omar Quintanilla','Col','SS',NULL,916,NULL,NULL,NULL,NULL,NULL,NULL,3,0,3,1,0.176,938,'6/34',500,15,NULL,NULL,NULL,NULL,NULL,NULL,NULL,NULL,NULL,NULL,NULL),(203,7384,'Nook Logan','Was','OF',NULL,935,NULL,NULL,NULL,NULL,NULL,NULL,13,1,8,2,0.3,660,'27/90',500,15,NULL,NULL,NULL,NULL,NULL,NULL,NULL,NULL,NULL,NULL,NULL),(204,7519,'Jason Repko','LAD','OF',NULL,938,NULL,NULL,NULL,NULL,NULL,NULL,21,3,16,10,0.254,695,'33/130',500,15,NULL,NULL,NULL,NULL,NULL,NULL,NULL,NULL,NULL,NULL,NULL),(205,4953,'Ryan Klesko','SF','1B',NULL,975,NULL,NULL,NULL,NULL,NULL,NULL,0,0,2,0,0.75,634,'3/4',500,15,NULL,NULL,NULL,NULL,NULL,NULL,NULL,NULL,NULL,NULL,NULL),(206,7645,'Bernie Castro','Was','2B',NULL,976,NULL,NULL,NULL,NULL,NULL,NULL,18,0,10,7,0.227,909,'25/110',500,15,NULL,NULL,NULL,NULL,NULL,NULL,NULL,NULL,NULL,NULL,NULL),(207,7648,'Robert Andino','Fla','SS',NULL,978,NULL,NULL,NULL,NULL,NULL,NULL,0,0,2,1,0.167,839,'4/24',500,15,NULL,NULL,NULL,NULL,NULL,NULL,NULL,NULL,NULL,NULL,NULL),(208,7654,'Dan Ortmeier','SF','OF',NULL,987,NULL,NULL,NULL,NULL,NULL,NULL,0,0,2,0,0.25,881,'3/12',500,15,NULL,NULL,NULL,NULL,NULL,NULL,NULL,NULL,NULL,NULL,NULL),(209,7662,'Geovany Soto','ChC','C',NULL,1006,NULL,NULL,NULL,NULL,NULL,NULL,1,0,2,0,0.2,934,'5/25',500,15,NULL,NULL,NULL,NULL,NULL,NULL,NULL,NULL,NULL,NULL,NULL),(210,7215,'Rob Bowen','SD','C',NULL,1007,NULL,NULL,NULL,NULL,NULL,NULL,22,3,13,0,0.245,892,'23/94',500,15,NULL,NULL,NULL,NULL,NULL,NULL,NULL,NULL,NULL,NULL,NULL),(211,7798,'Scott Thorman','Atl','1B,OF',NULL,1009,NULL,NULL,NULL,NULL,NULL,NULL,13,5,14,1,0.234,867,'30/128',500,15,NULL,NULL,NULL,NULL,NULL,NULL,NULL,NULL,NULL,NULL,NULL),(212,7665,'Chris Denorfia','Cin','OF',NULL,1012,NULL,NULL,NULL,NULL,NULL,NULL,14,1,7,1,0.283,946,'30/106',500,15,NULL,NULL,NULL,NULL,NULL,NULL,NULL,NULL,NULL,NULL,NULL),(213,7814,'Tony Gwynn','Mil','OF',NULL,1023,NULL,NULL,NULL,NULL,NULL,NULL,5,0,4,3,0.26,874,'20/77',500,15,NULL,NULL,NULL,NULL,NULL,NULL,NULL,NULL,NULL,NULL,NULL),(214,7670,'Ryan Theriot','ChC','2B',NULL,1026,NULL,NULL,NULL,NULL,NULL,NULL,34,3,16,13,0.328,885,'44/134',500,15,NULL,NULL,NULL,NULL,NULL,NULL,NULL,NULL,NULL,NULL,NULL),(215,6416,'Michael Restovich','Was','OF',NULL,1033,NULL,NULL,NULL,NULL,NULL,NULL,0,0,1,0,0.167,891,'2/12',500,15,NULL,NULL,NULL,NULL,NULL,NULL,NULL,NULL,NULL,NULL,NULL),(216,7675,'Charlton Jimerson','Hou','OF',NULL,1036,NULL,NULL,NULL,NULL,NULL,NULL,2,1,1,2,0.333,842,'2/6',500,15,NULL,NULL,NULL,NULL,NULL,NULL,NULL,NULL,NULL,NULL,NULL),(217,7680,'Anderson Hernández','NYM','2B,SS',NULL,1048,NULL,NULL,NULL,NULL,NULL,NULL,4,1,3,0,0.152,870,'10/66',500,15,NULL,NULL,NULL,NULL,NULL,NULL,NULL,NULL,NULL,NULL,NULL),(218,7828,'Michael Bourn','Phi','OF',NULL,1051,NULL,NULL,NULL,NULL,NULL,NULL,2,0,0,1,0.125,878,'1/8',500,15,NULL,NULL,NULL,NULL,NULL,NULL,NULL,NULL,NULL,NULL,NULL),(219,7075,'Todd Linden','SF','OF',NULL,1052,NULL,NULL,NULL,NULL,NULL,NULL,15,2,5,1,0.273,975,'21/77',500,15,NULL,NULL,NULL,NULL,NULL,NULL,NULL,NULL,NULL,NULL,NULL),(220,7832,'Alberto Callaspo','Ari','Util',NULL,1064,NULL,NULL,NULL,NULL,NULL,NULL,2,0,6,0,0.238,902,'10/42',500,15,NULL,NULL,NULL,NULL,NULL,NULL,NULL,NULL,NULL,NULL,NULL),(221,7835,'Rajai Davis','Pit','OF',NULL,1067,NULL,NULL,NULL,NULL,NULL,NULL,1,0,0,1,0.143,913,'2/14',500,15,NULL,NULL,NULL,NULL,NULL,NULL,NULL,NULL,NULL,NULL,NULL),(222,7188,'Terrmel Sledge','SD','OF',NULL,1083,NULL,NULL,NULL,NULL,NULL,NULL,7,2,7,0,0.229,858,'16/70',500,15,NULL,NULL,NULL,NULL,NULL,NULL,NULL,NULL,NULL,NULL,NULL),(223,7841,'Norris Hopper','Cin','OF',NULL,1085,NULL,NULL,NULL,NULL,NULL,NULL,6,1,5,2,0.359,940,'14/39',500,15,NULL,NULL,NULL,NULL,NULL,NULL,NULL,NULL,NULL,NULL,NULL),(224,7842,'Buck Coats','ChC','OF',NULL,1087,NULL,NULL,NULL,NULL,NULL,NULL,2,1,1,0,0.167,941,'3/18',500,15,NULL,NULL,NULL,NULL,NULL,NULL,NULL,NULL,NULL,NULL,NULL),(225,7843,'T.J. Bohn','Atl','OF',NULL,1088,NULL,NULL,NULL,NULL,NULL,NULL,2,1,2,0,0.143,944,'2/14',500,15,NULL,NULL,NULL,NULL,NULL,NULL,NULL,NULL,NULL,NULL,NULL),(226,7845,'Chris Iannetta','Col','C',NULL,1092,NULL,NULL,NULL,NULL,NULL,NULL,12,2,10,0,0.26,838,'20/77',500,15,NULL,NULL,NULL,NULL,NULL,NULL,NULL,NULL,NULL,NULL,NULL),(227,7850,'Troy Tulowitzki','Col','SS',NULL,1105,NULL,NULL,NULL,NULL,NULL,NULL,15,1,6,3,0.24,251,'23/96',500,15,NULL,NULL,NULL,NULL,NULL,NULL,NULL,NULL,NULL,NULL,NULL),(228,7852,'Vinny Rottino','Mil','3B',NULL,1107,NULL,NULL,NULL,NULL,NULL,NULL,1,0,1,1,0.214,883,'3/14',500,15,NULL,NULL,NULL,NULL,NULL,NULL,NULL,NULL,NULL,NULL,NULL),(229,7176,'Laynce Nix','Mil','OF',NULL,1109,NULL,NULL,NULL,NULL,NULL,NULL,3,1,10,0,0.164,830,'11/67',500,15,NULL,NULL,NULL,NULL,NULL,NULL,NULL,NULL,NULL,NULL,NULL),(230,7854,'Fred Lewis','SF','OF',NULL,1110,NULL,NULL,NULL,NULL,NULL,NULL,5,0,2,0,0.455,886,'5/11',500,15,NULL,NULL,NULL,NULL,NULL,NULL,NULL,NULL,NULL,NULL,NULL),(231,7864,'Kevin Kouzmanoff','SD','Util',NULL,1126,NULL,NULL,NULL,NULL,NULL,NULL,4,3,11,0,0.214,852,'12/56',500,15,NULL,NULL,NULL,NULL,NULL,NULL,NULL,NULL,NULL,NULL,NULL),(232,7865,'Miguel Montero','Ari','C',NULL,1128,NULL,NULL,NULL,NULL,NULL,NULL,0,0,3,0,0.25,855,'4/16',500,15,NULL,NULL,NULL,NULL,NULL,NULL,NULL,NULL,NULL,NULL,NULL),(233,7867,'Scott Moore','ChC','1B',NULL,1131,NULL,NULL,NULL,NULL,NULL,NULL,6,2,5,0,0.263,859,'10/38',500,15,NULL,NULL,NULL,NULL,NULL,NULL,NULL,NULL,NULL,NULL,NULL),(234,7166,'Eric Bruntlett','Hou','2B,SS,OF',NULL,1139,NULL,NULL,NULL,NULL,NULL,NULL,11,0,10,3,0.277,873,'33/119',500,15,NULL,NULL,NULL,NULL,NULL,NULL,NULL,NULL,NULL,NULL,NULL),(235,6504,'Chad Moeller','Cin','C',NULL,1153,NULL,NULL,NULL,NULL,NULL,NULL,9,2,5,0,0.184,968,'18/98',500,15,NULL,NULL,NULL,NULL,NULL,NULL,NULL,NULL,NULL,NULL,NULL),(236,7879,'Delwyn Young','LAD','OF',NULL,1156,NULL,NULL,NULL,NULL,NULL,NULL,0,0,0,0,0,890,'0/5',500,15,NULL,NULL,NULL,NULL,NULL,NULL,NULL,NULL,NULL,NULL,NULL),(237,7885,'Jeff Salazar','Col','OF',NULL,1170,NULL,NULL,NULL,NULL,NULL,NULL,13,1,8,2,0.283,904,'15/53',500,15,NULL,NULL,NULL,NULL,NULL,NULL,NULL,NULL,NULL,NULL,NULL),(238,7891,'Alvin Colina','Col','C',NULL,1178,NULL,NULL,NULL,NULL,NULL,NULL,0,0,1,0,0.2,919,'1/5',500,15,NULL,NULL,NULL,NULL,NULL,NULL,NULL,NULL,NULL,NULL,NULL),(239,7892,'Drew Anderson','Mil','OF',NULL,1179,NULL,NULL,NULL,NULL,NULL,NULL,3,0,0,0,0.111,921,'1/9',500,15,NULL,NULL,NULL,NULL,NULL,NULL,NULL,NULL,NULL,NULL,NULL),(240,7146,'Bubba Crosby','Cin','OF',NULL,1195,NULL,NULL,NULL,NULL,NULL,NULL,9,1,6,3,0.207,888,'18/87',500,15,NULL,NULL,NULL,NULL,NULL,NULL,NULL,NULL,NULL,NULL,NULL),(241,6289,'Humberto Cota','Pit','C',NULL,1200,NULL,NULL,NULL,NULL,NULL,NULL,5,0,5,0,0.19,694,'19/100',500,15,NULL,NULL,NULL,NULL,NULL,NULL,NULL,NULL,NULL,NULL,NULL),(242,7235,'Humberto Quintero','Hou','C',NULL,1204,NULL,NULL,NULL,NULL,NULL,NULL,2,0,2,0,0.333,879,'7/21',500,15,NULL,NULL,NULL,NULL,NULL,NULL,NULL,NULL,NULL,NULL,NULL),(243,7135,'Jason Ellison','SF','OF',NULL,1209,NULL,NULL,NULL,NULL,NULL,NULL,14,2,4,2,0.222,658,'18/81',500,15,NULL,NULL,NULL,NULL,NULL,NULL,NULL,NULL,NULL,NULL,NULL),(244,7116,'Robby Hammock','Ari','1B',NULL,1215,NULL,NULL,NULL,NULL,NULL,NULL,1,0,0,0,0.5,848,'1/2',500,15,NULL,NULL,NULL,NULL,NULL,NULL,NULL,NULL,NULL,NULL,NULL),(245,5513,'Tony Clark','Ari','1B',NULL,1216,NULL,NULL,NULL,NULL,NULL,NULL,13,6,16,0,0.197,586,'26/132',500,15,NULL,NULL,NULL,NULL,NULL,NULL,NULL,NULL,NULL,NULL,NULL),(246,7046,'Scott Hairston','Ari','OF',NULL,1221,NULL,NULL,NULL,NULL,NULL,NULL,2,0,2,0,0.4,862,'6/15',500,15,NULL,NULL,NULL,NULL,NULL,NULL,NULL,NULL,NULL,NULL,NULL),(247,5441,'Orlando Palmeiro','Hou','OF',NULL,1222,NULL,NULL,NULL,NULL,NULL,NULL,12,0,17,0,0.252,693,'30/119',500,15,NULL,NULL,NULL,NULL,NULL,NULL,NULL,NULL,NULL,NULL,NULL),(248,6242,'David Newhan','NYM','OF',NULL,1227,NULL,NULL,NULL,NULL,NULL,NULL,14,4,18,4,0.252,960,'33/131',500,15,NULL,NULL,NULL,NULL,NULL,NULL,NULL,NULL,NULL,NULL,NULL),(249,7041,'Jeff Baker','Col','OF',NULL,1228,NULL,NULL,NULL,NULL,NULL,NULL,13,5,21,2,0.368,844,'21/57',500,15,NULL,NULL,NULL,NULL,NULL,NULL,NULL,NULL,NULL,NULL,NULL),(250,6325,'Ramón Castro','NYM','C',NULL,1234,NULL,NULL,NULL,NULL,NULL,NULL,13,4,12,0,0.238,691,'30/126',500,15,NULL,NULL,NULL,NULL,NULL,NULL,NULL,NULL,NULL,NULL,NULL),(251,7760,'Chris Roberson','Phi','OF',NULL,1240,NULL,NULL,NULL,NULL,NULL,NULL,9,0,1,3,0.195,905,'8/41',500,15,NULL,NULL,NULL,NULL,NULL,NULL,NULL,NULL,NULL,NULL,NULL),(252,7928,'Andy LaRoche','LAD','3B',NULL,1300,NULL,NULL,NULL,NULL,NULL,NULL,0,0,0,0,0,898,'-/-',500,15,NULL,NULL,NULL,NULL,NULL,NULL,NULL,NULL,NULL,NULL,NULL),(253,7924,'Kory Casto','Was','OF',NULL,1300,NULL,NULL,NULL,NULL,NULL,NULL,0,0,0,0,0,880,'-/-',500,15,NULL,NULL,NULL,NULL,NULL,NULL,NULL,NULL,NULL,NULL,NULL),(254,7421,'Wilson Valdez','LAD','SS',NULL,1300,NULL,NULL,NULL,NULL,NULL,NULL,0,0,0,0,0,835,'-/-',500,15,NULL,NULL,NULL,NULL,NULL,NULL,NULL,NULL,NULL,NULL,NULL),(255,6186,'Cristian Guzmán','Was','SS',NULL,1300,NULL,NULL,NULL,NULL,NULL,NULL,0,0,0,0,0,833,'-/-',500,15,NULL,NULL,NULL,NULL,NULL,NULL,NULL,NULL,NULL,NULL,NULL),(256,6423,'Jayson Werth','Phi','OF',NULL,1300,NULL,NULL,NULL,NULL,NULL,NULL,0,0,0,0,0,666,'-/-',500,15,NULL,NULL,NULL,NULL,NULL,NULL,NULL,NULL,NULL,NULL,NULL),(257,7491,'Jason Stokes','Fla','1B',NULL,1300,NULL,NULL,NULL,NULL,NULL,NULL,0,0,0,0,0,918,'-/-',500,15,NULL,NULL,NULL,NULL,NULL,NULL,NULL,NULL,NULL,NULL,NULL),(258,7494,'Larry Broadway','Was','1B',NULL,1300,NULL,NULL,NULL,NULL,NULL,NULL,0,0,0,0,0,927,'-/-',500,15,NULL,NULL,NULL,NULL,NULL,NULL,NULL,NULL,NULL,NULL,NULL),(259,7558,'Kelly Johnson','Atl','OF',NULL,1300,NULL,NULL,NULL,NULL,NULL,NULL,0,0,0,0,0,672,'-/-',500,15,NULL,NULL,NULL,NULL,NULL,NULL,NULL,NULL,NULL,NULL,NULL),(260,7704,'Félix Pié','ChC','OF',NULL,1300,NULL,NULL,NULL,NULL,NULL,NULL,0,0,0,0,0,900,'-/-',500,15,NULL,NULL,NULL,NULL,NULL,NULL,NULL,NULL,NULL,NULL,NULL),(261,4232,'John Smoltz','Atl','SP',NULL,26,232,16,0,211,3.49,1.19,NULL,NULL,NULL,NULL,NULL,59,NULL,500,15,NULL,NULL,NULL,NULL,NULL,NULL,NULL,NULL,NULL,NULL,NULL),(262,5771,'Chris Carpenter','StL','SP',NULL,30,221.2,15,0,184,3.09,1.07,NULL,NULL,NULL,NULL,NULL,19,NULL,500,15,NULL,NULL,NULL,NULL,NULL,NULL,NULL,NULL,NULL,NULL,NULL),(263,7121,'Brandon Webb','Ari','SP',NULL,31,235,16,0,178,3.1,1.13,NULL,NULL,NULL,NULL,NULL,46,NULL,500,15,NULL,NULL,NULL,NULL,NULL,NULL,NULL,NULL,NULL,NULL,NULL),(264,6559,'Carlos Zambrano','ChC','SP',NULL,33,214,16,0,210,3.41,1.29,NULL,NULL,NULL,NULL,NULL,40,NULL,500,15,NULL,NULL,NULL,NULL,NULL,NULL,NULL,NULL,NULL,NULL,NULL),(265,6936,'Aaron Harang','Cin','SP',NULL,34,234.1,16,0,216,3.76,1.27,NULL,NULL,NULL,NULL,NULL,75,NULL,500,15,NULL,NULL,NULL,NULL,NULL,NULL,NULL,NULL,NULL,NULL,NULL),(266,7726,'Takashi Saito','LAD','RP',NULL,35,78.1,6,24,107,2.07,0.91,NULL,NULL,NULL,NULL,NULL,216,NULL,500,15,NULL,NULL,NULL,NULL,NULL,NULL,NULL,NULL,NULL,NULL,NULL),(267,5536,'Billy Wagner','NYM','RP',NULL,37,72.1,3,40,94,2.24,1.11,NULL,NULL,NULL,NULL,NULL,64,NULL,18,1,NULL,NULL,NULL,NULL,NULL,NULL,NULL,NULL,NULL,NULL,NULL),(268,6646,'Roy Oswalt','Hou','SP',NULL,44,220.2,15,0,166,2.98,1.17,NULL,NULL,NULL,NULL,NULL,35,NULL,500,15,NULL,NULL,NULL,NULL,NULL,NULL,NULL,NULL,NULL,NULL,NULL),(269,6498,'Bronson Arroyo','Cin','SP',NULL,47,240.2,14,0,184,3.29,1.19,NULL,NULL,NULL,NULL,NULL,139,NULL,500,15,NULL,NULL,NULL,NULL,NULL,NULL,NULL,NULL,NULL,NULL,NULL),(270,4975,'Trevor Hoffman','SD','RP',NULL,51,63,0,46,50,2.14,0.97,NULL,NULL,NULL,NULL,NULL,72,NULL,500,15,NULL,NULL,NULL,NULL,NULL,NULL,NULL,NULL,NULL,NULL,NULL),(271,4288,'Randy Johnson','Ari','SP',NULL,62,205,17,0,172,5,1.24,NULL,NULL,NULL,NULL,NULL,110,NULL,68,2,NULL,NULL,NULL,NULL,NULL,NULL,NULL,NULL,NULL,NULL,NULL),(272,6872,'Jake Peavy','SD','SP',NULL,63,202.1,11,0,215,4.09,1.23,NULL,NULL,NULL,NULL,NULL,38,NULL,500,15,NULL,NULL,NULL,NULL,NULL,NULL,NULL,NULL,NULL,NULL,NULL),(273,7221,'Chad Cordero','Was','RP',NULL,65,73.1,7,29,69,3.19,1.1,NULL,NULL,NULL,NULL,NULL,102,NULL,500,15,NULL,NULL,NULL,NULL,NULL,NULL,NULL,NULL,NULL,NULL,NULL),(274,7412,'Chris Young','SD','SP',NULL,69,179.1,11,0,164,3.46,1.13,NULL,NULL,NULL,NULL,NULL,96,NULL,28,2,NULL,NULL,NULL,NULL,NULL,NULL,NULL,NULL,NULL,NULL,NULL),(275,6864,'Brett Myers','Phi','SP',NULL,73,198,12,0,189,3.91,1.3,NULL,NULL,NULL,NULL,NULL,85,NULL,500,15,NULL,NULL,NULL,NULL,NULL,NULL,NULL,NULL,NULL,NULL,NULL),(276,7495,'Matt Cain','SF','SP',NULL,75,190.2,13,0,179,4.15,1.28,NULL,NULL,NULL,NULL,NULL,84,NULL,59,2,NULL,NULL,NULL,NULL,NULL,NULL,NULL,NULL,NULL,NULL,NULL),(277,6394,'Barry Zito','SF','SP',NULL,78,221,16,0,151,3.83,1.4,NULL,NULL,NULL,NULL,NULL,171,NULL,51,1,NULL,NULL,NULL,NULL,NULL,NULL,NULL,NULL,NULL,NULL,NULL),(278,5801,'Derek Lowe','LAD','SP',NULL,79,218,16,0,123,3.63,1.27,NULL,NULL,NULL,NULL,NULL,179,NULL,500,15,NULL,NULL,NULL,NULL,NULL,NULL,NULL,NULL,NULL,NULL,NULL),(279,5340,'Jason Schmidt','LAD','SP',NULL,81,213.1,11,0,180,3.59,1.26,NULL,NULL,NULL,NULL,NULL,117,NULL,500,15,NULL,NULL,NULL,NULL,NULL,NULL,NULL,NULL,NULL,NULL,NULL),(280,6168,'Freddy García','Phi','SP',NULL,83,216.1,17,0,135,4.53,1.28,NULL,NULL,NULL,NULL,NULL,201,NULL,61,3,NULL,NULL,NULL,NULL,NULL,NULL,NULL,NULL,NULL,NULL,NULL),(281,7371,'Dave Bush','Mil','SP',NULL,86,210,12,0,166,4.41,1.14,NULL,NULL,NULL,NULL,NULL,237,NULL,500,15,NULL,NULL,NULL,NULL,NULL,NULL,NULL,NULL,NULL,NULL,NULL),(282,6276,'Brad Penny','LAD','SP',NULL,96,189,16,0,148,4.33,1.38,NULL,NULL,NULL,NULL,NULL,261,NULL,55,4,NULL,NULL,NULL,NULL,NULL,NULL,NULL,NULL,NULL,NULL,NULL),(283,7132,'Chris Capuano','Mil','SP',NULL,101,221.1,11,0,174,4.03,1.25,NULL,NULL,NULL,NULL,NULL,141,NULL,70,2,NULL,NULL,NULL,NULL,NULL,NULL,NULL,NULL,NULL,NULL,NULL),(284,6300,'Francisco Cordero','Mil','RP',NULL,102,75.1,10,22,84,3.7,1.34,NULL,NULL,NULL,NULL,NULL,123,NULL,67,1,NULL,NULL,NULL,NULL,NULL,NULL,NULL,NULL,NULL,NULL,NULL),(285,4122,'Tom Glavine','NYM','SP',NULL,106,198,15,0,131,3.82,1.33,NULL,NULL,NULL,NULL,NULL,198,NULL,500,15,NULL,NULL,NULL,NULL,NULL,NULL,NULL,NULL,NULL,NULL,NULL),(286,6223,'Ted Lilly','ChC','SP',NULL,108,181.2,15,0,160,4.31,1.43,NULL,NULL,NULL,NULL,NULL,219,NULL,94,2,NULL,NULL,NULL,NULL,NULL,NULL,NULL,NULL,NULL,NULL,NULL),(287,7585,'Scott Olsen','Fla','SP',NULL,109,180.2,12,0,166,4.04,1.3,NULL,NULL,NULL,NULL,NULL,239,NULL,96,3,NULL,NULL,NULL,NULL,NULL,NULL,NULL,NULL,NULL,NULL,NULL),(288,3933,'Greg Maddux','SD','SP',NULL,113,210,15,0,117,4.2,1.22,NULL,NULL,NULL,NULL,NULL,258,NULL,500,15,NULL,NULL,NULL,NULL,NULL,NULL,NULL,NULL,NULL,NULL,NULL),(289,7669,'Josh Johnson','Fla','SP,RP',NULL,114,157,12,0,133,3.1,1.3,NULL,NULL,NULL,NULL,NULL,192,NULL,500,15,NULL,NULL,NULL,NULL,NULL,NULL,NULL,NULL,NULL,NULL,NULL),(290,4279,'Tom Gordon','Phi','RP',NULL,124,59.1,3,34,68,3.34,1.26,NULL,NULL,NULL,NULL,NULL,93,NULL,500,15,NULL,NULL,NULL,NULL,NULL,NULL,NULL,NULL,NULL,NULL,NULL),(291,6735,'Brian Fuentes','Col','RP',NULL,125,65.1,3,30,73,3.44,1.16,NULL,NULL,NULL,NULL,NULL,128,NULL,500,15,NULL,NULL,NULL,NULL,NULL,NULL,NULL,NULL,NULL,NULL,NULL),(292,7411,'Ian Snell','Pit','SP',NULL,133,186,14,0,169,4.74,1.46,NULL,NULL,NULL,NULL,NULL,228,NULL,119,2,NULL,NULL,NULL,NULL,NULL,NULL,NULL,NULL,NULL,NULL,NULL),(293,7133,'Dontrelle Willis','Fla','SP',NULL,134,223.1,12,0,160,3.87,1.42,NULL,NULL,NULL,NULL,NULL,108,NULL,35,1,NULL,NULL,NULL,NULL,NULL,NULL,NULL,NULL,NULL,NULL,NULL),(294,7539,'Cla Meredith','SD','RP',NULL,137,50.2,5,0,37,1.07,0.71,NULL,NULL,NULL,NULL,NULL,295,NULL,146,3,NULL,NULL,NULL,NULL,NULL,NULL,NULL,NULL,NULL,NULL,NULL),(295,3340,'Roger Clemens','Hou','SP',NULL,138,113.1,7,0,102,2.3,1.04,NULL,NULL,NULL,NULL,NULL,115,NULL,500,15,NULL,NULL,NULL,NULL,NULL,NULL,NULL,NULL,NULL,NULL,NULL),(296,6019,'Orlando Hernández','NYM','SP',NULL,145,162.1,11,0,164,4.66,1.33,NULL,NULL,NULL,NULL,NULL,287,NULL,98,2,NULL,NULL,NULL,NULL,NULL,NULL,NULL,NULL,NULL,NULL,NULL),(297,7383,'Jeff Francis','Col','SP',NULL,147,199,13,0,117,4.16,1.29,NULL,NULL,NULL,NULL,NULL,285,NULL,60,2,NULL,NULL,NULL,NULL,NULL,NULL,NULL,NULL,NULL,NULL,NULL),(298,4919,'Bob Wickman','Atl','RP',NULL,151,54,1,33,42,2.67,1.22,NULL,NULL,NULL,NULL,NULL,173,NULL,300,6,NULL,NULL,NULL,NULL,NULL,NULL,NULL,NULL,NULL,NULL,NULL),(299,4875,'Pedro Martínez','NYM','SP',NULL,154,132.2,9,0,137,4.48,1.11,NULL,NULL,NULL,NULL,NULL,177,NULL,500,15,NULL,NULL,NULL,NULL,NULL,NULL,NULL,NULL,NULL,NULL,NULL),(300,7207,'Mike González','Atl','RP',NULL,157,54,3,24,64,2.17,1.35,NULL,NULL,NULL,NULL,NULL,214,NULL,133,2,NULL,NULL,NULL,NULL,NULL,NULL,NULL,NULL,NULL,NULL,NULL),(301,7509,'Cole Hamels','Phi','SP',NULL,160,132.1,9,0,145,4.08,1.25,NULL,NULL,NULL,NULL,NULL,95,NULL,41,2,NULL,NULL,NULL,NULL,NULL,NULL,NULL,NULL,NULL,NULL,NULL),(302,7604,'Clay Hensley','SD','SP,RP',NULL,164,187,11,0,122,3.71,1.34,NULL,NULL,NULL,NULL,NULL,288,NULL,100,3,NULL,NULL,NULL,NULL,NULL,NULL,NULL,NULL,NULL,NULL,NULL),(303,6245,'Tim Hudson','Atl','SP',NULL,173,218.1,13,0,141,4.86,1.44,NULL,NULL,NULL,NULL,NULL,270,NULL,80,2,NULL,NULL,NULL,NULL,NULL,NULL,NULL,NULL,NULL,NULL,NULL),(304,5449,'Jason Isringhausen','StL','RP',NULL,174,58.1,4,33,52,3.55,1.46,NULL,NULL,NULL,NULL,NULL,178,NULL,500,15,NULL,NULL,NULL,NULL,NULL,NULL,NULL,NULL,NULL,NULL,NULL),(305,6785,'Jason Jennings','Hou','SP',NULL,176,212,9,0,142,3.78,1.37,NULL,NULL,NULL,NULL,NULL,306,NULL,101,2,NULL,NULL,NULL,NULL,NULL,NULL,NULL,NULL,NULL,NULL,NULL),(306,7701,'Anibal Sánchez','Fla','SP',NULL,177,114.1,10,0,72,2.83,1.19,NULL,NULL,NULL,NULL,NULL,249,NULL,57,2,NULL,NULL,NULL,NULL,NULL,NULL,NULL,NULL,NULL,NULL,NULL),(307,7629,'Chuck James','Atl','SP,RP',NULL,182,119,11,0,91,3.78,1.24,NULL,NULL,NULL,NULL,NULL,317,NULL,500,15,NULL,NULL,NULL,NULL,NULL,NULL,NULL,NULL,NULL,NULL,NULL),(308,6299,'Doug Davis','Ari','SP',NULL,191,203.1,11,0,159,4.91,1.51,NULL,NULL,NULL,NULL,NULL,284,NULL,99,4,NULL,NULL,NULL,NULL,NULL,NULL,NULL,NULL,NULL,NULL,NULL),(309,6618,'Ben Sheets','Mil','SP',NULL,192,106,6,0,116,3.82,1.09,NULL,NULL,NULL,NULL,NULL,73,NULL,15,1,NULL,NULL,NULL,NULL,NULL,NULL,NULL,NULL,NULL,NULL,NULL),(310,5025,'Woody Williams','Hou','SP',NULL,193,145.1,12,0,72,3.65,1.29,NULL,NULL,NULL,NULL,NULL,297,NULL,77,3,NULL,NULL,NULL,NULL,NULL,NULL,NULL,NULL,NULL,NULL,NULL),(311,3932,'Jamie Moyer','Phi','SP',NULL,194,211.1,11,0,108,4.3,1.32,NULL,NULL,NULL,NULL,NULL,292,NULL,73,5,NULL,NULL,NULL,NULL,NULL,NULL,NULL,NULL,NULL,NULL,NULL),(312,5734,'Liván Hernández','Ari','SP',NULL,195,216,13,0,128,4.83,1.5,NULL,NULL,NULL,NULL,NULL,289,NULL,250,3,NULL,NULL,NULL,NULL,NULL,NULL,NULL,NULL,NULL,NULL,NULL),(313,7125,'Claudio Vargas','Mil','SP',NULL,196,167.2,12,0,123,4.83,1.41,NULL,NULL,NULL,NULL,NULL,308,NULL,145,5,NULL,NULL,NULL,NULL,NULL,NULL,NULL,NULL,NULL,NULL,NULL),(314,5454,'Jeff Suppan','Mil','SP',NULL,199,190,12,0,104,4.12,1.45,NULL,NULL,NULL,NULL,NULL,290,NULL,500,15,NULL,NULL,NULL,NULL,NULL,NULL,NULL,NULL,NULL,NULL,NULL),(315,6913,'Brad Lidge','Hou','RP',NULL,204,75,1,32,104,5.28,1.4,NULL,NULL,NULL,NULL,NULL,120,NULL,85,1,NULL,NULL,NULL,NULL,NULL,NULL,NULL,NULL,NULL,NULL,NULL),(316,6331,'Dan Wheeler','Hou','RP',NULL,205,71.1,3,9,68,2.52,1.15,NULL,NULL,NULL,NULL,NULL,293,NULL,149,2,NULL,NULL,NULL,NULL,NULL,NULL,NULL,NULL,NULL,NULL,NULL),(317,7613,'Jonathan Broxton','LAD','RP',NULL,209,76.1,4,3,97,2.59,1.23,NULL,NULL,NULL,NULL,NULL,332,NULL,114,2,NULL,NULL,NULL,NULL,NULL,NULL,NULL,NULL,NULL,NULL,NULL),(318,6995,'Pedro Feliciano','NYM','RP',NULL,220,60.1,7,0,54,2.09,1.26,NULL,NULL,NULL,NULL,NULL,340,NULL,500,15,NULL,NULL,NULL,NULL,NULL,NULL,NULL,NULL,NULL,NULL,NULL),(319,7679,'Matt Capps','Pit','RP',NULL,222,80.2,9,1,56,3.79,1.15,NULL,NULL,NULL,NULL,NULL,343,NULL,500,15,NULL,NULL,NULL,NULL,NULL,NULL,NULL,NULL,NULL,NULL,NULL),(320,5784,'Matt Morris','SF','SP',NULL,223,207.2,10,0,117,4.98,1.35,NULL,NULL,NULL,NULL,NULL,298,NULL,130,3,NULL,NULL,NULL,NULL,NULL,NULL,NULL,NULL,NULL,NULL,NULL),(321,6036,'Bob Howry','ChC','RP',NULL,227,76.2,4,5,71,3.17,1.13,NULL,NULL,NULL,NULL,NULL,299,NULL,161,2,NULL,NULL,NULL,NULL,NULL,NULL,NULL,NULL,NULL,NULL,NULL),(322,7512,'Zach Duke','Pit','SP',NULL,232,215.1,10,0,117,4.47,1.5,NULL,NULL,NULL,NULL,NULL,264,NULL,116,1,NULL,NULL,NULL,NULL,NULL,NULL,NULL,NULL,NULL,NULL,NULL),(323,7720,'Ricky Nolasco','Fla','SP,RP',NULL,233,140,11,0,99,4.82,1.41,NULL,NULL,NULL,NULL,NULL,351,NULL,140,4,NULL,NULL,NULL,NULL,NULL,NULL,NULL,NULL,NULL,NULL,NULL),(324,6455,'Scott Linebrink','SD','RP',NULL,235,75.2,7,2,68,3.57,1.22,NULL,NULL,NULL,NULL,NULL,303,NULL,150,2,NULL,NULL,NULL,NULL,NULL,NULL,NULL,NULL,NULL,NULL,NULL),(325,7386,'John Maine','NYM','SP',NULL,242,90,6,0,71,3.6,1.13,NULL,NULL,NULL,NULL,NULL,367,NULL,81,3,NULL,NULL,NULL,NULL,NULL,NULL,NULL,NULL,NULL,NULL,NULL),(326,6709,'Jorge Julio','Ari','RP',NULL,249,66,2,16,88,4.23,1.32,NULL,NULL,NULL,NULL,NULL,350,NULL,121,2,NULL,NULL,NULL,NULL,NULL,NULL,NULL,NULL,NULL,NULL,NULL),(327,5235,'Jon Lieber','Phi','SP',NULL,251,168,9,0,100,4.93,1.31,NULL,NULL,NULL,NULL,NULL,300,NULL,500,15,NULL,NULL,NULL,NULL,NULL,NULL,NULL,NULL,NULL,NULL,NULL),(328,6981,'Aaron Cook','Col','SP',NULL,253,212.2,9,0,92,4.23,1.4,NULL,NULL,NULL,NULL,NULL,335,NULL,84,1,NULL,NULL,NULL,NULL,NULL,NULL,NULL,NULL,NULL,NULL,NULL),(329,7112,'Oscar Villarreal','Atl','SP,RP',NULL,256,92.1,9,0,55,3.61,1.3,NULL,NULL,NULL,NULL,NULL,363,NULL,500,15,NULL,NULL,NULL,NULL,NULL,NULL,NULL,NULL,NULL,NULL,NULL),(330,6662,'Rafael Soriano','Atl','RP',NULL,257,60,1,2,65,2.25,1.08,NULL,NULL,NULL,NULL,NULL,250,NULL,144,3,NULL,NULL,NULL,NULL,NULL,NULL,NULL,NULL,NULL,NULL,NULL),(331,4718,'David Weathers','Cin','RP',NULL,259,73.2,4,12,50,3.54,1.29,NULL,NULL,NULL,NULL,NULL,319,NULL,500,15,NULL,NULL,NULL,NULL,NULL,NULL,NULL,NULL,NULL,NULL,NULL),(332,7219,'Geoff Geary','Phi','RP',NULL,261,91.1,7,1,60,2.96,1.35,NULL,NULL,NULL,NULL,NULL,341,NULL,500,15,NULL,NULL,NULL,NULL,NULL,NULL,NULL,NULL,NULL,NULL,NULL),(333,6620,'Jon Rauch','Was','RP',NULL,262,91.1,4,2,86,3.35,1.25,NULL,NULL,NULL,NULL,NULL,366,NULL,155,2,NULL,NULL,NULL,NULL,NULL,NULL,NULL,NULL,NULL,NULL,NULL),(334,7381,'Chad Qualls','Hou','RP',NULL,265,88.2,7,0,56,3.76,1.17,NULL,NULL,NULL,NULL,NULL,327,NULL,164,3,NULL,NULL,NULL,NULL,NULL,NULL,NULL,NULL,NULL,NULL,NULL),(335,7578,'Rich Hill','ChC','SP',NULL,266,99.1,6,0,90,4.17,1.23,NULL,NULL,NULL,NULL,NULL,142,NULL,125,4,NULL,NULL,NULL,NULL,NULL,NULL,NULL,NULL,NULL,NULL,NULL),(336,6493,'Jason Marquis','ChC','SP',NULL,270,194.1,14,0,96,6.02,1.52,NULL,NULL,NULL,NULL,NULL,320,NULL,500,15,NULL,NULL,NULL,NULL,NULL,NULL,NULL,NULL,NULL,NULL,NULL),(337,7048,'Adam Wainwright','StL','RP',NULL,278,75,2,3,72,3.12,1.15,NULL,NULL,NULL,NULL,NULL,245,NULL,20,2,NULL,NULL,NULL,NULL,NULL,NULL,NULL,NULL,NULL,NULL,NULL),(338,5118,'Salomón Torres','Pit','RP',NULL,280,93.1,3,12,72,3.28,1.46,NULL,NULL,NULL,NULL,NULL,328,NULL,500,15,NULL,NULL,NULL,NULL,NULL,NULL,NULL,NULL,NULL,NULL,NULL),(339,5966,'Braden Looper','StL','RP',NULL,282,73.1,9,0,41,3.56,1.31,NULL,NULL,NULL,NULL,NULL,331,NULL,500,15,NULL,NULL,NULL,NULL,NULL,NULL,NULL,NULL,NULL,NULL,NULL),(340,6948,'Duaner Sánchez','NYM','RP',NULL,283,55.1,5,0,44,2.6,1.21,NULL,NULL,NULL,NULL,NULL,333,NULL,500,15,NULL,NULL,NULL,NULL,NULL,NULL,NULL,NULL,NULL,NULL,NULL),(341,7514,'Todd Coffey','Cin','RP',NULL,285,78,6,8,60,3.58,1.44,NULL,NULL,NULL,NULL,NULL,371,NULL,500,15,NULL,NULL,NULL,NULL,NULL,NULL,NULL,NULL,NULL,NULL,NULL),(342,7065,'Aaron Heilman','NYM','RP',NULL,287,87,4,0,73,3.62,1.16,NULL,NULL,NULL,NULL,NULL,323,NULL,500,15,NULL,NULL,NULL,NULL,NULL,NULL,NULL,NULL,NULL,NULL,NULL),(343,6896,'Scott Cassidy','SD','RP',NULL,290,42.2,6,0,49,2.53,1.36,NULL,NULL,NULL,NULL,NULL,388,NULL,500,15,NULL,NULL,NULL,NULL,NULL,NULL,NULL,NULL,NULL,NULL,NULL),(344,4391,'Mike Stanton','Cin','RP',NULL,297,67.2,7,8,48,3.99,1.43,NULL,NULL,NULL,NULL,NULL,384,NULL,500,15,NULL,NULL,NULL,NULL,NULL,NULL,NULL,NULL,NULL,NULL,NULL),(345,5705,'Trever Miller','Hou','RP',NULL,298,50.2,2,1,56,3.02,1.09,NULL,NULL,NULL,NULL,NULL,387,NULL,500,15,NULL,NULL,NULL,NULL,NULL,NULL,NULL,NULL,NULL,NULL,NULL),(346,6460,'Rodrigo López','Col','SP,RP',NULL,304,189,9,0,136,5.9,1.55,NULL,NULL,NULL,NULL,NULL,334,NULL,500,15,NULL,NULL,NULL,NULL,NULL,NULL,NULL,NULL,NULL,NULL,NULL),(347,5944,'Eric Milton','Cin','SP',NULL,308,152.2,8,0,90,5.19,1.34,NULL,NULL,NULL,NULL,NULL,368,NULL,500,15,NULL,NULL,NULL,NULL,NULL,NULL,NULL,NULL,NULL,NULL,NULL),(348,6978,'Mark Hendrickson','LAD','SP,RP',NULL,310,164.2,6,0,99,4.21,1.43,NULL,NULL,NULL,NULL,NULL,360,NULL,500,15,NULL,NULL,NULL,NULL,NULL,NULL,NULL,NULL,NULL,NULL,NULL),(349,5819,'Brett Tomko','LAD','SP,RP',NULL,311,112.1,8,0,76,4.73,1.35,NULL,NULL,NULL,NULL,NULL,349,NULL,500,15,NULL,NULL,NULL,NULL,NULL,NULL,NULL,NULL,NULL,NULL,NULL),(350,6313,'Tony Armas','Pit','SP',NULL,312,154,9,0,97,5.03,1.5,NULL,NULL,NULL,NULL,NULL,377,NULL,500,15,NULL,NULL,NULL,NULL,NULL,NULL,NULL,NULL,NULL,NULL,NULL),(351,5187,'Chan Ho Park','NYM','SP',NULL,313,136.2,7,0,96,4.81,1.39,NULL,NULL,NULL,NULL,NULL,358,NULL,500,15,NULL,NULL,NULL,NULL,NULL,NULL,NULL,NULL,NULL,NULL,NULL),(352,6770,'Josh Fogg','Col','SP',NULL,316,172,11,0,93,5.49,1.55,NULL,NULL,NULL,NULL,NULL,373,NULL,500,15,NULL,NULL,NULL,NULL,NULL,NULL,NULL,NULL,NULL,NULL,NULL),(353,7636,'Paul Maholm','Pit','SP',NULL,319,176,8,0,117,4.76,1.61,NULL,NULL,NULL,NULL,NULL,352,NULL,500,15,NULL,NULL,NULL,NULL,NULL,NULL,NULL,NULL,NULL,NULL,NULL),(354,6237,'Byung-Hyun Kim','Col','SP',NULL,321,155,8,0,129,5.57,1.55,NULL,NULL,NULL,NULL,NULL,369,NULL,500,15,NULL,NULL,NULL,NULL,NULL,NULL,NULL,NULL,NULL,NULL,NULL),(355,6006,'Ryan Dempster','ChC','RP',NULL,324,75,1,24,67,4.8,1.51,NULL,NULL,NULL,NULL,NULL,183,NULL,111,1,NULL,NULL,NULL,NULL,NULL,NULL,NULL,NULL,NULL,NULL,NULL),(356,6783,'Juan Cruz','Ari','SP,RP',NULL,329,94.2,5,0,88,4.18,1.34,NULL,NULL,NULL,NULL,NULL,408,NULL,500,15,NULL,NULL,NULL,NULL,NULL,NULL,NULL,NULL,NULL,NULL,NULL),(357,7730,'Ramón Ramírez','Col','RP',NULL,338,67.2,4,0,61,3.46,1.26,NULL,NULL,NULL,NULL,NULL,413,NULL,500,15,NULL,NULL,NULL,NULL,NULL,NULL,NULL,NULL,NULL,NULL,NULL),(358,7226,'Noah Lowry','SF','SP',NULL,339,159.1,7,0,84,4.74,1.39,NULL,NULL,NULL,NULL,NULL,203,NULL,500,15,NULL,NULL,NULL,NULL,NULL,NULL,NULL,NULL,NULL,NULL,NULL),(359,5290,'Armando Benítez','SF','RP',NULL,340,38.1,4,17,31,3.52,1.57,NULL,NULL,NULL,NULL,NULL,172,NULL,105,1,NULL,NULL,NULL,NULL,NULL,NULL,NULL,NULL,NULL,NULL,NULL),(360,7071,'Ryan Madson','Phi','SP,RP',NULL,347,134.1,11,2,99,5.69,1.68,NULL,NULL,NULL,NULL,NULL,365,NULL,500,15,NULL,NULL,NULL,NULL,NULL,NULL,NULL,NULL,NULL,NULL,NULL),(361,7306,'Michael Wuertz','ChC','RP',NULL,350,40.2,3,0,42,2.66,1.25,NULL,NULL,NULL,NULL,NULL,359,NULL,500,15,NULL,NULL,NULL,NULL,NULL,NULL,NULL,NULL,NULL,NULL,NULL),(362,7772,'Carlos Villanueva','Mil','SP',NULL,356,53.2,2,0,39,3.69,1.01,NULL,NULL,NULL,NULL,NULL,428,NULL,500,15,NULL,NULL,NULL,NULL,NULL,NULL,NULL,NULL,NULL,NULL,NULL),(363,4828,'Russ Springer','StL','RP',NULL,362,59.2,1,0,46,3.47,1.04,NULL,NULL,NULL,NULL,NULL,393,NULL,500,15,NULL,NULL,NULL,NULL,NULL,NULL,NULL,NULL,NULL,NULL,NULL),(364,7552,'Wandy Rodríguez','Hou','SP,RP',NULL,369,135.2,9,0,98,5.64,1.6,NULL,NULL,NULL,NULL,NULL,399,NULL,500,15,NULL,NULL,NULL,NULL,NULL,NULL,NULL,NULL,NULL,NULL,NULL),(365,7178,'Kevin Correia','SF','RP',NULL,370,69.2,2,0,57,3.49,1.23,NULL,NULL,NULL,NULL,NULL,433,NULL,500,15,NULL,NULL,NULL,NULL,NULL,NULL,NULL,NULL,NULL,NULL,NULL),(366,7528,'Ambiorix Burgos','NYM','RP',NULL,372,73.1,4,18,72,5.52,1.64,NULL,NULL,NULL,NULL,NULL,409,NULL,500,15,NULL,NULL,NULL,NULL,NULL,NULL,NULL,NULL,NULL,NULL,NULL),(367,7000,'Josh Hancock','StL','RP',NULL,381,77,3,1,50,4.09,1.21,NULL,NULL,NULL,NULL,NULL,451,NULL,500,15,NULL,NULL,NULL,NULL,NULL,NULL,NULL,NULL,NULL,NULL,NULL),(368,7517,'Taylor Buchholz','Col','SP',NULL,383,113,6,0,77,5.89,1.25,NULL,NULL,NULL,NULL,NULL,457,NULL,500,15,NULL,NULL,NULL,NULL,NULL,NULL,NULL,NULL,NULL,NULL,NULL),(369,7151,'José Valverde','Ari','RP',NULL,384,49.1,2,18,69,5.84,1.46,NULL,NULL,NULL,NULL,NULL,174,NULL,89,1,NULL,NULL,NULL,NULL,NULL,NULL,NULL,NULL,NULL,NULL,NULL),(370,7714,'Fernando Nieve','Hou','SP,RP',NULL,395,96.1,3,0,70,4.2,1.33,NULL,NULL,NULL,NULL,NULL,471,NULL,500,15,NULL,NULL,NULL,NULL,NULL,NULL,NULL,NULL,NULL,NULL,NULL),(371,7785,'Taylor Tankersley','Fla','RP',NULL,396,41,2,3,46,2.85,1.44,NULL,NULL,NULL,NULL,NULL,465,NULL,500,15,NULL,NULL,NULL,NULL,NULL,NULL,NULL,NULL,NULL,NULL,NULL),(372,6664,'Joe Beimel','LAD','RP',NULL,399,70,2,2,30,2.96,1.3,NULL,NULL,NULL,NULL,NULL,468,NULL,500,15,NULL,NULL,NULL,NULL,NULL,NULL,NULL,NULL,NULL,NULL,NULL),(373,6703,'Chad Paronto','Atl','RP',NULL,400,56.2,2,0,41,3.18,1.27,NULL,NULL,NULL,NULL,NULL,470,NULL,500,15,NULL,NULL,NULL,NULL,NULL,NULL,NULL,NULL,NULL,NULL,NULL),(374,7580,'Brandon Medders','Ari','RP',NULL,405,71.2,5,0,47,3.64,1.45,NULL,NULL,NULL,NULL,NULL,476,NULL,500,15,NULL,NULL,NULL,NULL,NULL,NULL,NULL,NULL,NULL,NULL,NULL),(375,7246,'John Grabow','Pit','RP',NULL,409,69.2,4,0,66,4.13,1.41,NULL,NULL,NULL,NULL,NULL,444,NULL,500,15,NULL,NULL,NULL,NULL,NULL,NULL,NULL,NULL,NULL,NULL,NULL),(376,7399,'Brad Hennessey','SF','SP,RP',NULL,410,99.1,5,1,42,4.26,1.35,NULL,NULL,NULL,NULL,NULL,434,NULL,500,15,NULL,NULL,NULL,NULL,NULL,NULL,NULL,NULL,NULL,NULL,NULL),(377,5640,'Elmer Dessens','LAD','RP',NULL,414,77,5,2,52,4.56,1.4,NULL,NULL,NULL,NULL,NULL,431,NULL,500,15,NULL,NULL,NULL,NULL,NULL,NULL,NULL,NULL,NULL,NULL,NULL),(378,7206,'Kevin Gregg','Fla','SP,RP',NULL,417,78.1,3,0,71,4.14,1.39,NULL,NULL,NULL,NULL,NULL,474,NULL,500,15,NULL,NULL,NULL,NULL,NULL,NULL,NULL,NULL,NULL,NULL,NULL),(379,7518,'Anthony Reyes','StL','SP',NULL,418,85.1,5,0,72,5.06,1.38,NULL,NULL,NULL,NULL,NULL,493,NULL,500,15,NULL,NULL,NULL,NULL,NULL,NULL,NULL,NULL,NULL,NULL,NULL),(380,7423,'José Capellán','Mil','RP',NULL,419,71.2,4,0,58,4.4,1.34,NULL,NULL,NULL,NULL,NULL,491,NULL,500,15,NULL,NULL,NULL,NULL,NULL,NULL,NULL,NULL,NULL,NULL,NULL),(381,7705,'Chad Billingsley','LAD','SP',NULL,420,90,7,0,59,3.8,1.67,NULL,NULL,NULL,NULL,NULL,488,NULL,500,15,NULL,NULL,NULL,NULL,NULL,NULL,NULL,NULL,NULL,NULL,NULL),(382,6546,'Matt Wise','Mil','RP',NULL,423,44.1,5,0,27,3.86,1.33,NULL,NULL,NULL,NULL,NULL,396,NULL,500,15,NULL,NULL,NULL,NULL,NULL,NULL,NULL,NULL,NULL,NULL,NULL),(383,6420,'Derrick Turnbow','Mil','RP',NULL,428,56.1,4,24,69,6.87,1.69,NULL,NULL,NULL,NULL,NULL,338,NULL,500,15,NULL,NULL,NULL,NULL,NULL,NULL,NULL,NULL,NULL,NULL,NULL),(384,6612,'Will Ohman','ChC','RP',NULL,433,65.1,1,0,74,4.13,1.3,NULL,NULL,NULL,NULL,NULL,429,NULL,500,15,NULL,NULL,NULL,NULL,NULL,NULL,NULL,NULL,NULL,NULL,NULL),(385,4733,'Rheal Cormier','Cin','RP',NULL,437,48,2,0,19,2.44,1.35,NULL,NULL,NULL,NULL,NULL,496,NULL,500,15,NULL,NULL,NULL,NULL,NULL,NULL,NULL,NULL,NULL,NULL,NULL),(386,7608,'Macay McBride','Atl','RP',NULL,444,56.2,4,1,46,3.65,1.5,NULL,NULL,NULL,NULL,NULL,505,NULL,500,15,NULL,NULL,NULL,NULL,NULL,NULL,NULL,NULL,NULL,NULL,NULL),(387,6775,'Brandon Lyon','Ari','RP',NULL,449,69.1,2,0,46,3.89,1.3,NULL,NULL,NULL,NULL,NULL,509,NULL,500,15,NULL,NULL,NULL,NULL,NULL,NULL,NULL,NULL,NULL,NULL,NULL),(388,6405,'John Patterson','Was','SP',NULL,450,40.2,1,0,42,4.43,1.11,NULL,NULL,NULL,NULL,NULL,211,NULL,132,1,NULL,NULL,NULL,NULL,NULL,NULL,NULL,NULL,NULL,NULL,NULL),(389,5869,'Scott Eyre','ChC','RP',NULL,451,61.1,1,0,73,3.38,1.48,NULL,NULL,NULL,NULL,NULL,418,NULL,500,15,NULL,NULL,NULL,NULL,NULL,NULL,NULL,NULL,NULL,NULL,NULL),(390,7678,'Tom Gorzelanny','Pit','SP',NULL,457,61.2,2,0,40,3.79,1.31,NULL,NULL,NULL,NULL,NULL,515,NULL,500,15,NULL,NULL,NULL,NULL,NULL,NULL,NULL,NULL,NULL,NULL,NULL),(391,6280,'Dave Borkowski','Hou','RP',NULL,461,71,3,0,52,4.69,1.31,NULL,NULL,NULL,NULL,NULL,520,NULL,500,15,NULL,NULL,NULL,NULL,NULL,NULL,NULL,NULL,NULL,NULL,NULL),(392,7718,'Sean Marshall','ChC','SP',NULL,462,125.2,6,0,77,5.59,1.52,NULL,NULL,NULL,NULL,NULL,524,NULL,500,15,NULL,NULL,NULL,NULL,NULL,NULL,NULL,NULL,NULL,NULL,NULL),(393,6261,'Dámaso Marte','Pit','RP',NULL,464,58.1,1,0,63,3.7,1.41,NULL,NULL,NULL,NULL,NULL,494,NULL,500,15,NULL,NULL,NULL,NULL,NULL,NULL,NULL,NULL,NULL,NULL,NULL),(394,6751,'Kyle Lohse','Cin','SP,RP',NULL,465,126.2,5,0,97,5.83,1.53,NULL,NULL,NULL,NULL,NULL,439,NULL,500,15,NULL,NULL,NULL,NULL,NULL,NULL,NULL,NULL,NULL,NULL,NULL),(395,7747,'Mike OConnor','Was','SP',NULL,466,105,3,0,59,4.8,1.34,NULL,NULL,NULL,NULL,NULL,523,NULL,500,15,NULL,NULL,NULL,NULL,NULL,NULL,NULL,NULL,NULL,NULL,NULL),(396,6946,'Kirk Saarloos','Cin','SP,RP',NULL,468,121.1,7,2,52,4.75,1.66,NULL,NULL,NULL,NULL,NULL,445,NULL,500,15,NULL,NULL,NULL,NULL,NULL,NULL,NULL,NULL,NULL,NULL,NULL),(397,7733,'Saul Rivera','Was','RP',NULL,471,60.1,3,1,41,3.43,1.51,NULL,NULL,NULL,NULL,NULL,522,NULL,500,15,NULL,NULL,NULL,NULL,NULL,NULL,NULL,NULL,NULL,NULL,NULL),(398,7149,'Édgar González','Ari','SP,RP',NULL,474,42.2,3,0,28,4.22,1.27,NULL,NULL,NULL,NULL,NULL,528,NULL,500,15,NULL,NULL,NULL,NULL,NULL,NULL,NULL,NULL,NULL,NULL,NULL),(399,6225,'Ryan Franklin','StL','RP',NULL,481,77.1,6,0,43,4.54,1.54,NULL,NULL,NULL,NULL,NULL,463,NULL,500,15,NULL,NULL,NULL,NULL,NULL,NULL,NULL,NULL,NULL,NULL,NULL),(400,6214,'Guillermo Mota','NYM','RP',NULL,483,55.2,4,0,46,4.53,1.42,NULL,NULL,NULL,NULL,NULL,502,NULL,500,15,NULL,NULL,NULL,NULL,NULL,NULL,NULL,NULL,NULL,NULL,NULL),(401,5778,'Steve Kline','SF','RP',NULL,486,51.2,4,1,33,3.66,1.53,NULL,NULL,NULL,NULL,NULL,510,NULL,500,15,NULL,NULL,NULL,NULL,NULL,NULL,NULL,NULL,NULL,NULL,NULL),(402,6171,'Scott Schoeneweis','NYM','RP',NULL,489,51.2,4,4,29,4.88,1.39,NULL,NULL,NULL,NULL,NULL,487,NULL,500,15,NULL,NULL,NULL,NULL,NULL,NULL,NULL,NULL,NULL,NULL,NULL),(403,6885,'Jorge Sosa','NYM','SP,RP',NULL,493,118,3,4,75,5.42,1.51,NULL,NULL,NULL,NULL,NULL,421,NULL,500,15,NULL,NULL,NULL,NULL,NULL,NULL,NULL,NULL,NULL,NULL,NULL),(404,7716,'Bill Bray','Cin','RP',NULL,496,50.2,3,2,39,4.09,1.48,NULL,NULL,NULL,NULL,NULL,542,NULL,500,15,NULL,NULL,NULL,NULL,NULL,NULL,NULL,NULL,NULL,NULL,NULL),(405,7337,'Elizardo Ramírez','Cin','SP',NULL,498,104,4,0,69,5.37,1.46,NULL,NULL,NULL,NULL,NULL,554,NULL,500,15,NULL,NULL,NULL,NULL,NULL,NULL,NULL,NULL,NULL,NULL,NULL),(406,7536,'Brad Thompson','StL','RP',NULL,499,56.2,1,0,32,3.34,1.38,NULL,NULL,NULL,NULL,NULL,458,NULL,500,15,NULL,NULL,NULL,NULL,NULL,NULL,NULL,NULL,NULL,NULL,NULL),(407,7649,'Hong-Chih Kuo','LAD','SP,RP',NULL,500,59.2,1,0,71,4.22,1.46,NULL,NULL,NULL,NULL,NULL,549,NULL,500,15,NULL,NULL,NULL,NULL,NULL,NULL,NULL,NULL,NULL,NULL,NULL),(408,6909,'Tyler Yates','Atl','RP',NULL,501,50,2,1,46,3.96,1.46,NULL,NULL,NULL,NULL,NULL,550,NULL,500,15,NULL,NULL,NULL,NULL,NULL,NULL,NULL,NULL,NULL,NULL,NULL),(409,6484,'Adam Eaton','Phi','SP',NULL,502,65,7,0,43,5.12,1.57,NULL,NULL,NULL,NULL,NULL,448,NULL,500,15,NULL,NULL,NULL,NULL,NULL,NULL,NULL,NULL,NULL,NULL,NULL),(410,7389,'Roberto Novoa','ChC','RP',NULL,507,76,2,0,53,4.26,1.43,NULL,NULL,NULL,NULL,NULL,531,NULL,500,15,NULL,NULL,NULL,NULL,NULL,NULL,NULL,NULL,NULL,NULL,NULL),(411,7449,'Logan Kensing','Fla','RP',NULL,512,37.2,1,1,45,4.54,1.3,NULL,NULL,NULL,NULL,NULL,559,NULL,500,15,NULL,NULL,NULL,NULL,NULL,NULL,NULL,NULL,NULL,NULL,NULL),(412,6965,'Brandon Backe','Hou','SP',NULL,517,43,3,0,19,3.77,1.42,NULL,NULL,NULL,NULL,NULL,482,NULL,500,15,NULL,NULL,NULL,NULL,NULL,NULL,NULL,NULL,NULL,NULL,NULL),(413,7210,'Jon Adkins','NYM','RP',NULL,518,54.1,2,0,30,3.98,1.38,NULL,NULL,NULL,NULL,NULL,562,NULL,500,15,NULL,NULL,NULL,NULL,NULL,NULL,NULL,NULL,NULL,NULL,NULL),(414,7778,'Enrique González','Ari','SP',NULL,527,106.1,3,0,66,5.67,1.39,NULL,NULL,NULL,NULL,NULL,569,NULL,500,15,NULL,NULL,NULL,NULL,NULL,NULL,NULL,NULL,NULL,NULL,NULL),(415,4057,'David Wells','SD','SP',NULL,529,75.1,3,0,38,4.42,1.45,NULL,NULL,NULL,NULL,NULL,443,NULL,500,15,NULL,NULL,NULL,NULL,NULL,NULL,NULL,NULL,NULL,NULL,NULL),(416,7099,'Gary Majewski','Cin','RP',NULL,537,70.1,4,0,43,4.61,1.54,NULL,NULL,NULL,NULL,NULL,507,NULL,500,15,NULL,NULL,NULL,NULL,NULL,NULL,NULL,NULL,NULL,NULL,NULL),(417,6883,'Jeremy Affeldt','Col','SP,RP',NULL,539,97.1,8,1,48,6.2,1.61,NULL,NULL,NULL,NULL,NULL,590,NULL,500,15,NULL,NULL,NULL,NULL,NULL,NULL,NULL,NULL,NULL,NULL,NULL),(418,7764,'Mike Thompson','SD','SP',NULL,549,92,4,0,35,4.99,1.45,NULL,NULL,NULL,NULL,NULL,580,NULL,500,15,NULL,NULL,NULL,NULL,NULL,NULL,NULL,NULL,NULL,NULL,NULL),(419,5336,'LaTroy Hawkins','Col','RP',NULL,559,60.1,3,0,27,4.48,1.46,NULL,NULL,NULL,NULL,NULL,548,NULL,500,15,NULL,NULL,NULL,NULL,NULL,NULL,NULL,NULL,NULL,NULL,NULL),(420,7240,'Matt Belisle','Cin','RP',NULL,564,40,2,0,26,3.6,1.55,NULL,NULL,NULL,NULL,NULL,558,NULL,500,15,NULL,NULL,NULL,NULL,NULL,NULL,NULL,NULL,NULL,NULL,NULL),(421,5752,'Tom Martin','Col','RP',NULL,571,60.1,2,0,46,5.07,1.44,NULL,NULL,NULL,NULL,NULL,596,NULL,500,15,NULL,NULL,NULL,NULL,NULL,NULL,NULL,NULL,NULL,NULL,NULL),(422,5098,'Brian Shouse','Mil','RP',NULL,578,38.1,1,2,23,3.99,1.51,NULL,NULL,NULL,NULL,NULL,583,NULL,500,15,NULL,NULL,NULL,NULL,NULL,NULL,NULL,NULL,NULL,NULL,NULL),(423,7361,'Greg Aquino','Mil','RP',NULL,579,48.1,2,0,51,4.47,1.61,NULL,NULL,NULL,NULL,NULL,602,NULL,500,15,NULL,NULL,NULL,NULL,NULL,NULL,NULL,NULL,NULL,NULL,NULL),(424,6713,'Shawn Chacón','Pit','SP,RP',NULL,582,109,7,0,62,6.36,1.72,NULL,NULL,NULL,NULL,NULL,534,NULL,500,15,NULL,NULL,NULL,NULL,NULL,NULL,NULL,NULL,NULL,NULL,NULL),(425,7777,'Jonathan Sánchez','SF','SP,RP',NULL,592,40,3,0,33,4.95,1.55,NULL,NULL,NULL,NULL,NULL,614,NULL,500,15,NULL,NULL,NULL,NULL,NULL,NULL,NULL,NULL,NULL,NULL,NULL),(426,7076,'Vinnie Chulk','SF','RP',NULL,595,46.1,1,0,43,5.24,1.42,NULL,NULL,NULL,NULL,NULL,592,NULL,500,15,NULL,NULL,NULL,NULL,NULL,NULL,NULL,NULL,NULL,NULL,NULL),(427,7475,'Tyler Johnson','StL','RP',NULL,603,36.1,2,0,37,4.95,1.54,NULL,NULL,NULL,NULL,NULL,621,NULL,500,15,NULL,NULL,NULL,NULL,NULL,NULL,NULL,NULL,NULL,NULL,NULL),(428,7789,'Carlos Mármol','ChC','SP,RP',NULL,604,77,5,0,59,6.08,1.69,NULL,NULL,NULL,NULL,NULL,624,NULL,500,15,NULL,NULL,NULL,NULL,NULL,NULL,NULL,NULL,NULL,NULL,NULL),(429,7359,'Lance Cormier','Atl','SP,RP',NULL,607,73.2,4,0,43,4.89,1.75,NULL,NULL,NULL,NULL,NULL,605,NULL,500,15,NULL,NULL,NULL,NULL,NULL,NULL,NULL,NULL,NULL,NULL,NULL),(430,6945,'Oliver Pérez','NYM','SP',NULL,609,112.2,3,0,102,6.55,1.75,NULL,NULL,NULL,NULL,NULL,611,NULL,500,15,NULL,NULL,NULL,NULL,NULL,NULL,NULL,NULL,NULL,NULL,NULL),(431,6248,'Randy Wolf','LAD','SP',NULL,619,56.2,4,0,44,5.56,1.69,NULL,NULL,NULL,NULL,NULL,599,NULL,78,2,NULL,NULL,NULL,NULL,NULL,NULL,NULL,NULL,NULL,NULL,NULL),(432,7350,'Shawn Hill','Was','SP',NULL,631,36.2,1,0,16,4.66,1.5,NULL,NULL,NULL,NULL,NULL,649,NULL,500,15,NULL,NULL,NULL,NULL,NULL,NULL,NULL,NULL,NULL,NULL,NULL),(433,7583,'Randy Messenger','Fla','RP',NULL,633,60.1,2,0,45,5.67,1.59,NULL,NULL,NULL,NULL,NULL,689,NULL,500,15,NULL,NULL,NULL,NULL,NULL,NULL,NULL,NULL,NULL,NULL,NULL),(434,7209,'Neal Cotts','ChC','RP',NULL,634,54,1,1,43,5.17,1.63,NULL,NULL,NULL,NULL,NULL,574,NULL,500,15,NULL,NULL,NULL,NULL,NULL,NULL,NULL,NULL,NULL,NULL,NULL),(435,6393,'Mark Mulder','StL','SP',NULL,646,93.1,6,0,50,7.14,1.7,NULL,NULL,NULL,NULL,NULL,271,NULL,500,6,NULL,NULL,NULL,NULL,NULL,NULL,NULL,NULL,NULL,NULL,NULL),(436,6738,'Dave Williams','NYM','SP',NULL,650,69,5,0,32,6.52,1.64,NULL,NULL,NULL,NULL,NULL,603,NULL,500,15,NULL,NULL,NULL,NULL,NULL,NULL,NULL,NULL,NULL,NULL,NULL),(437,7834,'Jason Hirsh','Col','SP',NULL,653,44.2,3,0,29,6.04,1.57,NULL,NULL,NULL,NULL,NULL,674,NULL,500,15,NULL,NULL,NULL,NULL,NULL,NULL,NULL,NULL,NULL,NULL,NULL),(438,6860,'Billy Traber','Was','SP,RP',NULL,654,43.1,4,0,25,6.44,1.55,NULL,NULL,NULL,NULL,NULL,676,NULL,500,15,NULL,NULL,NULL,NULL,NULL,NULL,NULL,NULL,NULL,NULL,NULL),(439,7695,'Juan Mateo','ChC','SP',NULL,666,45.2,1,0,35,5.32,1.62,NULL,NULL,NULL,NULL,NULL,684,NULL,500,15,NULL,NULL,NULL,NULL,NULL,NULL,NULL,NULL,NULL,NULL,NULL),(440,7788,'Zach Jackson','Mil','SP',NULL,671,38.1,2,0,22,5.4,1.62,NULL,NULL,NULL,NULL,NULL,686,NULL,500,15,NULL,NULL,NULL,NULL,NULL,NULL,NULL,NULL,NULL,NULL,NULL),(441,7186,'Sergio Mitre','Fla','SP,RP',NULL,674,41,1,0,31,5.71,1.56,NULL,NULL,NULL,NULL,NULL,680,NULL,500,15,NULL,NULL,NULL,NULL,NULL,NULL,NULL,NULL,NULL,NULL,NULL),(442,7771,'Alay Soler','NYM','SP',NULL,685,45,2,0,23,6,1.58,NULL,NULL,NULL,NULL,NULL,951,NULL,500,15,NULL,NULL,NULL,NULL,NULL,NULL,NULL,NULL,NULL,NULL,NULL),(443,7418,'Heath Bell','SD','RP',NULL,689,37,0,0,35,5.11,1.68,NULL,NULL,NULL,NULL,NULL,952,NULL,500,15,NULL,NULL,NULL,NULL,NULL,NULL,NULL,NULL,NULL,NULL,NULL),(444,6916,'Randy Flores','StL','RP',NULL,690,41.2,1,0,40,5.62,1.7,NULL,NULL,NULL,NULL,NULL,646,NULL,500,15,NULL,NULL,NULL,NULL,NULL,NULL,NULL,NULL,NULL,NULL,NULL),(445,7338,'Denny Bautista','Col','SP',NULL,704,41.2,0,0,27,5.62,1.63,NULL,NULL,NULL,NULL,NULL,972,NULL,500,15,NULL,NULL,NULL,NULL,NULL,NULL,NULL,NULL,NULL,NULL,NULL),(446,7637,'Jason Bergmann','Was','SP,RP',NULL,712,64.2,0,0,54,6.68,1.67,NULL,NULL,NULL,NULL,NULL,979,NULL,500,15,NULL,NULL,NULL,NULL,NULL,NULL,NULL,NULL,NULL,NULL,NULL),(447,5764,'Glendon Rusch','ChC','SP,RP',NULL,715,66.1,3,0,59,7.46,1.79,NULL,NULL,NULL,NULL,NULL,685,NULL,500,15,NULL,NULL,NULL,NULL,NULL,NULL,NULL,NULL,NULL,NULL,NULL),(448,6787,'Mark Prior','ChC','SP',NULL,730,43.2,1,0,38,7.21,1.69,NULL,NULL,NULL,NULL,NULL,164,NULL,245,5,NULL,NULL,NULL,NULL,NULL,NULL,NULL,NULL,NULL,NULL,NULL),(449,6301,'Kip Wells','StL','SP',NULL,743,44.1,2,0,20,6.5,1.85,NULL,NULL,NULL,NULL,NULL,978,NULL,500,15,NULL,NULL,NULL,NULL,NULL,NULL,NULL,NULL,NULL,NULL,NULL),(450,7796,'Scott Mathieson','Phi','SP',NULL,747,37.1,1,0,28,7.47,1.71,NULL,NULL,NULL,NULL,NULL,1001,NULL,500,15,NULL,NULL,NULL,NULL,NULL,NULL,NULL,NULL,NULL,NULL,NULL),(451,7280,'Ángel Guzmán','ChC','SP,RP',NULL,751,56,0,0,60,7.39,1.88,NULL,NULL,NULL,NULL,NULL,1004,NULL,500,15,NULL,NULL,NULL,NULL,NULL,NULL,NULL,NULL,NULL,NULL,NULL),(452,7501,'Kyle Davies','Atl','SP',NULL,753,63.1,3,0,51,8.38,1.94,NULL,NULL,NULL,NULL,NULL,1002,NULL,500,15,NULL,NULL,NULL,NULL,NULL,NULL,NULL,NULL,NULL,NULL,NULL),(453,7599,'Jason Vargas','NYM','SP,RP',NULL,756,43,1,0,25,7.33,1.86,NULL,NULL,NULL,NULL,NULL,995,NULL,500,15,NULL,NULL,NULL,NULL,NULL,NULL,NULL,NULL,NULL,NULL,NULL),(454,5954,'Russ Ortiz','SF','SP,RP',NULL,771,63,0,0,44,8.14,2,NULL,NULL,NULL,NULL,NULL,1011,NULL,500,15,NULL,NULL,NULL,NULL,NULL,NULL,NULL,NULL,NULL,NULL,NULL),(455,7901,'Juan Morillo','Col','SP',NULL,776,4,0,0,4,15.75,2.75,NULL,NULL,NULL,NULL,NULL,792,NULL,500,15,NULL,NULL,NULL,NULL,NULL,NULL,NULL,NULL,NULL,NULL,NULL),(456,7900,'Ubaldo Jiménez','Col','P',NULL,777,7.2,0,0,3,3.52,1.04,NULL,NULL,NULL,NULL,NULL,791,NULL,500,15,NULL,NULL,NULL,NULL,NULL,NULL,NULL,NULL,NULL,NULL,NULL),(457,7251,'Tim Hamulack','LAD','RP',NULL,787,34,0,0,34,6.35,1.71,NULL,NULL,NULL,NULL,NULL,741,NULL,500,15,NULL,NULL,NULL,NULL,NULL,NULL,NULL,NULL,NULL,NULL,NULL),(458,7745,'Bobby Livingston','Cin','RP',NULL,802,5,0,0,3,18,3,NULL,NULL,NULL,NULL,NULL,789,NULL,500,15,NULL,NULL,NULL,NULL,NULL,NULL,NULL,NULL,NULL,NULL,NULL),(459,7743,'Brian Wilson','SF','RP',NULL,804,30,2,1,23,5.4,1.77,NULL,NULL,NULL,NULL,NULL,777,NULL,500,15,NULL,NULL,NULL,NULL,NULL,NULL,NULL,NULL,NULL,NULL,NULL),(460,7416,'Marty McLeary','Pit','P',NULL,818,17.2,2,0,8,2.04,1.3,NULL,NULL,NULL,NULL,NULL,787,NULL,500,15,NULL,NULL,NULL,NULL,NULL,NULL,NULL,NULL,NULL,NULL,NULL),(461,7732,'Matt Smith','Phi','RP',NULL,828,20.2,0,0,21,0.87,0.92,NULL,NULL,NULL,NULL,NULL,710,NULL,500,15,NULL,NULL,NULL,NULL,NULL,NULL,NULL,NULL,NULL,NULL,NULL),(462,5982,'Kerry Wood','ChC','SP',NULL,837,19.2,1,0,13,4.12,1.37,NULL,NULL,NULL,NULL,NULL,200,NULL,168,3,NULL,NULL,NULL,NULL,NULL,NULL,NULL,NULL,NULL,NULL,NULL),(463,7586,'Brian Shackelford','Cin','RP',NULL,838,16.1,1,0,15,7.16,1.71,NULL,NULL,NULL,NULL,NULL,742,NULL,500,15,NULL,NULL,NULL,NULL,NULL,NULL,NULL,NULL,NULL,NULL,NULL),(464,7582,'Jonah Bayliss','Pit','RP',NULL,844,14.2,1,0,15,4.3,1.64,NULL,NULL,NULL,NULL,NULL,725,NULL,500,15,NULL,NULL,NULL,NULL,NULL,NULL,NULL,NULL,NULL,NULL,NULL),(465,7728,'Peter Moylan','Atl','RP',NULL,846,15,0,0,14,4.8,1.53,NULL,NULL,NULL,NULL,NULL,729,NULL,500,15,NULL,NULL,NULL,NULL,NULL,NULL,NULL,NULL,NULL,NULL,NULL),(466,7721,'Carlos Martínez','Fla','RP',NULL,852,10.1,0,0,11,1.74,1.45,NULL,NULL,NULL,NULL,NULL,749,NULL,500,15,NULL,NULL,NULL,NULL,NULL,NULL,NULL,NULL,NULL,NULL,NULL),(467,7574,'Blaine Boyer','Atl','RP',NULL,857,0.2,0,0,0,40.5,7.5,NULL,NULL,NULL,NULL,NULL,635,NULL,500,15,NULL,NULL,NULL,NULL,NULL,NULL,NULL,NULL,NULL,NULL,NULL),(468,7573,'Jack Taschner','SF','RP',NULL,858,19.1,0,0,15,8.38,1.97,NULL,NULL,NULL,NULL,NULL,753,NULL,500,15,NULL,NULL,NULL,NULL,NULL,NULL,NULL,NULL,NULL,NULL,NULL),(469,5835,'Antonio Alfonseca','Phi','RP',NULL,861,16,0,0,5,5.63,1.88,NULL,NULL,NULL,NULL,NULL,743,NULL,500,15,NULL,NULL,NULL,NULL,NULL,NULL,NULL,NULL,NULL,NULL,NULL),(470,7600,'Dana Eveland','Ari','SP',NULL,889,27.2,0,0,32,8.13,1.99,NULL,NULL,NULL,NULL,NULL,799,NULL,500,15,NULL,NULL,NULL,NULL,NULL,NULL,NULL,NULL,NULL,NULL,NULL),(471,7617,'Eude Brito','Phi','P',NULL,919,18.1,1,0,9,7.36,1.8,NULL,NULL,NULL,NULL,NULL,764,NULL,500,15,NULL,NULL,NULL,NULL,NULL,NULL,NULL,NULL,NULL,NULL,NULL),(472,7395,'Yhency Brazobán','LAD','RP',NULL,923,5,0,0,4,5.4,1.8,NULL,NULL,NULL,NULL,NULL,620,NULL,500,15,NULL,NULL,NULL,NULL,NULL,NULL,NULL,NULL,NULL,NULL,NULL),(473,6593,'Randy Keisler','StL','RP',NULL,925,10,0,0,5,4.5,1.6,NULL,NULL,NULL,NULL,NULL,954,NULL,500,15,NULL,NULL,NULL,NULL,NULL,NULL,NULL,NULL,NULL,NULL,NULL),(474,7624,'Joey Devine','Atl','RP',NULL,929,6.1,0,0,10,9.95,2.68,NULL,NULL,NULL,NULL,NULL,796,NULL,500,15,NULL,NULL,NULL,NULL,NULL,NULL,NULL,NULL,NULL,NULL,NULL),(475,7625,'Andrew Brown','SD','RP',NULL,931,10,0,0,7,3.6,1.4,NULL,NULL,NULL,NULL,NULL,794,NULL,500,15,NULL,NULL,NULL,NULL,NULL,NULL,NULL,NULL,NULL,NULL,NULL),(476,7530,'Scott Munter','SF','RP',NULL,933,22.2,0,0,7,8.74,2.12,NULL,NULL,NULL,NULL,NULL,643,NULL,500,15,NULL,NULL,NULL,NULL,NULL,NULL,NULL,NULL,NULL,NULL,NULL),(477,7529,'Royce Ring','SD','RP',NULL,936,12.2,0,0,8,2.13,0.79,NULL,NULL,NULL,NULL,NULL,766,NULL,500,15,NULL,NULL,NULL,NULL,NULL,NULL,NULL,NULL,NULL,NULL,NULL),(478,7516,'Ezequiel Astacio','Hou','RP',NULL,940,5.2,2,0,6,11.12,2.29,NULL,NULL,NULL,NULL,NULL,677,NULL,500,15,NULL,NULL,NULL,NULL,NULL,NULL,NULL,NULL,NULL,NULL,NULL),(479,7508,'Chris Narveson','StL','P',NULL,961,9.1,0,0,12,4.82,1.18,NULL,NULL,NULL,NULL,NULL,806,NULL,500,15,NULL,NULL,NULL,NULL,NULL,NULL,NULL,NULL,NULL,NULL,NULL),(480,7496,'Renyel Pinto','Fla','RP',NULL,962,29.2,0,1,36,3.03,1.58,NULL,NULL,NULL,NULL,NULL,762,NULL,500,15,NULL,NULL,NULL,NULL,NULL,NULL,NULL,NULL,NULL,NULL,NULL),(481,7500,'Tim Stauffer','SD','SP',NULL,967,6,1,0,2,1.5,0.67,NULL,NULL,NULL,NULL,NULL,675,NULL,500,15,NULL,NULL,NULL,NULL,NULL,NULL,NULL,NULL,NULL,NULL,NULL),(482,7642,'Jermaine Van Buren','Was','RP',NULL,972,13,1,0,8,11.77,2.23,NULL,NULL,NULL,NULL,NULL,782,NULL,500,15,NULL,NULL,NULL,NULL,NULL,NULL,NULL,NULL,NULL,NULL,NULL),(483,5757,'Ricardo Rincón','StL','RP',NULL,973,3.1,0,0,6,10.8,3,NULL,NULL,NULL,NULL,NULL,673,NULL,500,15,NULL,NULL,NULL,NULL,NULL,NULL,NULL,NULL,NULL,NULL,NULL),(484,7652,'Anthony Lerew','Atl','RP',NULL,984,2,0,0,1,22.5,4,NULL,NULL,NULL,NULL,NULL,734,NULL,500,15,NULL,NULL,NULL,NULL,NULL,NULL,NULL,NULL,NULL,NULL,NULL),(485,7653,'Dustin Nippert','Ari','SP',NULL,985,10,0,0,9,11.7,2.2,NULL,NULL,NULL,NULL,NULL,731,NULL,500,15,NULL,NULL,NULL,NULL,NULL,NULL,NULL,NULL,NULL,NULL,NULL),(486,7656,'Chris Booker','Was','RP',NULL,990,8.1,0,0,7,9.72,1.68,NULL,NULL,NULL,NULL,NULL,720,NULL,500,15,NULL,NULL,NULL,NULL,NULL,NULL,NULL,NULL,NULL,NULL,NULL),(487,4944,'Doug Brocail','SD','RP',NULL,993,28.1,2,0,19,4.76,1.24,NULL,NULL,NULL,NULL,NULL,679,NULL,500,15,NULL,NULL,NULL,NULL,NULL,NULL,NULL,NULL,NULL,NULL,NULL),(488,7806,'Josh Kinney','StL','RP',NULL,1003,25,0,0,22,3.24,1,NULL,NULL,NULL,NULL,NULL,700,NULL,500,15,NULL,NULL,NULL,NULL,NULL,NULL,NULL,NULL,NULL,NULL,NULL),(489,7807,'Mike Pelfrey','NYM','SP',NULL,1004,21.1,2,0,13,5.48,1.73,NULL,NULL,NULL,NULL,NULL,696,NULL,500,15,NULL,NULL,NULL,NULL,NULL,NULL,NULL,NULL,NULL,NULL,NULL),(490,7809,'Henry Owens','Fla','RP',NULL,1008,4,0,0,2,9,2,NULL,NULL,NULL,NULL,NULL,820,NULL,500,15,NULL,NULL,NULL,NULL,NULL,NULL,NULL,NULL,NULL,NULL,NULL),(491,6270,'Wade Miller','ChC','SP',NULL,1016,21.2,0,0,20,4.57,1.71,NULL,NULL,NULL,NULL,NULL,663,NULL,500,15,NULL,NULL,NULL,NULL,NULL,NULL,NULL,NULL,NULL,NULL,NULL),(492,7817,'Manuel Corpas','Col','RP',NULL,1028,32.1,1,0,27,3.62,1.36,NULL,NULL,NULL,NULL,NULL,793,NULL,500,15,NULL,NULL,NULL,NULL,NULL,NULL,NULL,NULL,NULL,NULL,NULL),(493,7818,'Tony Peña','Ari','RP',NULL,1029,30.2,3,1,21,5.58,1.43,NULL,NULL,NULL,NULL,NULL,802,NULL,500,15,NULL,NULL,NULL,NULL,NULL,NULL,NULL,NULL,NULL,NULL,NULL),(494,7795,'Phil Stockman','Atl','RP',NULL,1034,4,0,0,4,2.25,1.75,NULL,NULL,NULL,NULL,NULL,704,NULL,500,15,NULL,NULL,NULL,NULL,NULL,NULL,NULL,NULL,NULL,NULL,NULL),(495,6873,'Jerome Williams','Was','P',NULL,1037,12.1,0,0,5,7.3,2.11,NULL,NULL,NULL,NULL,NULL,633,NULL,500,15,NULL,NULL,NULL,NULL,NULL,NULL,NULL,NULL,NULL,NULL,NULL),(496,7820,'Matt Albers','Hou','P',NULL,1041,15,0,0,11,6,1.6,NULL,NULL,NULL,NULL,NULL,767,NULL,500,15,NULL,NULL,NULL,NULL,NULL,NULL,NULL,NULL,NULL,NULL,NULL),(497,6884,'Miguel Asencio','Hou','P',NULL,1056,7.2,1,0,7,4.7,1.7,NULL,NULL,NULL,NULL,NULL,785,NULL,500,15,NULL,NULL,NULL,NULL,NULL,NULL,NULL,NULL,NULL,NULL,NULL),(498,7334,'Justin Germano','Phi','P',NULL,1058,6.2,0,0,8,5.4,1.65,NULL,NULL,NULL,NULL,NULL,822,NULL,500,15,NULL,NULL,NULL,NULL,NULL,NULL,NULL,NULL,NULL,NULL,NULL),(499,7688,'Fabio Castro','Phi','RP',NULL,1059,31.2,0,1,18,2.27,0.98,NULL,NULL,NULL,NULL,NULL,788,NULL,500,15,NULL,NULL,NULL,NULL,NULL,NULL,NULL,NULL,NULL,NULL,NULL),(500,6989,'Clay Condrey','Phi','RP',NULL,1061,28.2,2,0,16,3.14,1.53,NULL,NULL,NULL,NULL,NULL,823,NULL,500,15,NULL,NULL,NULL,NULL,NULL,NULL,NULL,NULL,NULL,NULL,NULL),(501,7830,'Josh Sharpless','Pit','RP',NULL,1062,12,0,0,7,1.5,1.5,NULL,NULL,NULL,NULL,NULL,797,NULL,500,15,NULL,NULL,NULL,NULL,NULL,NULL,NULL,NULL,NULL,NULL,NULL),(502,7833,'Chris Schroder','Was','RP',NULL,1065,28.1,0,0,39,6.35,1.34,NULL,NULL,NULL,NULL,NULL,804,NULL,500,15,NULL,NULL,NULL,NULL,NULL,NULL,NULL,NULL,NULL,NULL,NULL),(503,7786,'Chris Sampson','Hou','SP,RP',NULL,1066,34,2,0,15,2.12,0.88,NULL,NULL,NULL,NULL,NULL,816,NULL,500,15,NULL,NULL,NULL,NULL,NULL,NULL,NULL,NULL,NULL,NULL,NULL),(504,7332,'Mike Adams','SD','RP',NULL,1072,2.1,0,0,1,11.57,2.57,NULL,NULL,NULL,NULL,NULL,750,NULL,500,15,NULL,NULL,NULL,NULL,NULL,NULL,NULL,NULL,NULL,NULL,NULL),(505,7699,'Yusmeiro Petit','Fla','RP',NULL,1081,26.1,1,0,20,9.57,2.09,NULL,NULL,NULL,NULL,NULL,776,NULL,500,15,NULL,NULL,NULL,NULL,NULL,NULL,NULL,NULL,NULL,NULL,NULL),(506,7183,'Ryan Wagner','Was','RP',NULL,1089,30.2,3,0,20,4.7,1.66,NULL,NULL,NULL,NULL,NULL,832,NULL,500,15,NULL,NULL,NULL,NULL,NULL,NULL,NULL,NULL,NULL,NULL,NULL),(507,7848,'Brian Rogers','Pit','RP',NULL,1096,8.2,0,0,7,8.31,1.5,NULL,NULL,NULL,NULL,NULL,712,NULL,500,15,NULL,NULL,NULL,NULL,NULL,NULL,NULL,NULL,NULL,NULL,NULL),(508,7781,'Brian Sanches','Phi','RP',NULL,1101,21.1,0,0,22,5.91,1.69,NULL,NULL,NULL,NULL,NULL,809,NULL,500,15,NULL,NULL,NULL,NULL,NULL,NULL,NULL,NULL,NULL,NULL,NULL),(509,7853,'Dennis Sarfate','Mil','RP',NULL,1108,8.1,0,0,11,4.32,1.56,NULL,NULL,NULL,NULL,NULL,808,NULL,500,15,NULL,NULL,NULL,NULL,NULL,NULL,NULL,NULL,NULL,NULL,NULL),(510,6373,'Brian Falkenborg','StL','RP',NULL,1113,6.1,0,0,5,2.84,0.79,NULL,NULL,NULL,NULL,NULL,736,NULL,500,15,NULL,NULL,NULL,NULL,NULL,NULL,NULL,NULL,NULL,NULL,NULL),(511,7860,'Brett Campbell','Was','RP',NULL,1122,4.1,0,0,4,10.38,1.38,NULL,NULL,NULL,NULL,NULL,697,NULL,500,15,NULL,NULL,NULL,NULL,NULL,NULL,NULL,NULL,NULL,NULL,NULL),(512,7861,'Beltrán Pérez','Was','SP,RP',NULL,1123,21,2,0,9,3.86,1.38,NULL,NULL,NULL,NULL,NULL,698,NULL,500,15,NULL,NULL,NULL,NULL,NULL,NULL,NULL,NULL,NULL,NULL,NULL),(513,7866,'Doug Slaten','Ari','RP',NULL,1130,5.2,0,0,3,0,0.88,NULL,NULL,NULL,NULL,NULL,702,NULL,500,15,NULL,NULL,NULL,NULL,NULL,NULL,NULL,NULL,NULL,NULL,NULL),(514,7868,'José García','Fla','RP',NULL,1132,11,0,0,8,4.91,1.36,NULL,NULL,NULL,NULL,NULL,705,NULL,500,15,NULL,NULL,NULL,NULL,NULL,NULL,NULL,NULL,NULL,NULL,NULL),(515,7869,'Eric Stults','LAD','P',NULL,1133,17.2,1,0,5,5.6,1.36,NULL,NULL,NULL,NULL,NULL,706,NULL,500,15,NULL,NULL,NULL,NULL,NULL,NULL,NULL,NULL,NULL,NULL,NULL),(516,7873,'Philip Humber','NYM','RP',NULL,1145,2,0,0,2,0,0.5,NULL,NULL,NULL,NULL,NULL,718,NULL,500,15,NULL,NULL,NULL,NULL,NULL,NULL,NULL,NULL,NULL,NULL,NULL),(517,7305,'Casey Daigle','Ari','RP',NULL,1162,12.1,0,0,7,3.65,1.62,NULL,NULL,NULL,NULL,NULL,728,NULL,500,15,NULL,NULL,NULL,NULL,NULL,NULL,NULL,NULL,NULL,NULL,NULL),(518,7882,'Juan Pérez','Pit','RP',NULL,1163,3.1,0,0,3,8.1,1.8,NULL,NULL,NULL,NULL,NULL,732,NULL,500,15,NULL,NULL,NULL,NULL,NULL,NULL,NULL,NULL,NULL,NULL,NULL),(519,5341,'Tanyon Sturtze','Atl','RP',NULL,1164,10.2,0,0,6,7.59,2.16,NULL,NULL,NULL,NULL,NULL,647,NULL,500,15,NULL,NULL,NULL,NULL,NULL,NULL,NULL,NULL,NULL,NULL,NULL),(520,7884,'Shane Youman','Pit','SP',NULL,1168,21.2,0,0,5,2.91,1.15,NULL,NULL,NULL,NULL,NULL,735,NULL,500,15,NULL,NULL,NULL,NULL,NULL,NULL,NULL,NULL,NULL,NULL,NULL),(521,7886,'Justin Hampson','SD','P',NULL,1171,12,1,0,9,7.5,2,NULL,NULL,NULL,NULL,NULL,738,NULL,500,15,NULL,NULL,NULL,NULL,NULL,NULL,NULL,NULL,NULL,NULL,NULL),(522,7893,'Billy Sadler','SF','RP',NULL,1180,4,0,0,6,6.75,1.75,NULL,NULL,NULL,NULL,NULL,754,NULL,500,15,NULL,NULL,NULL,NULL,NULL,NULL,NULL,NULL,NULL,NULL,NULL),(523,7896,'Patrick Misch','SF','RP',NULL,1184,1,0,0,1,0,2,NULL,NULL,NULL,NULL,NULL,757,NULL,500,15,NULL,NULL,NULL,NULL,NULL,NULL,NULL,NULL,NULL,NULL,NULL),(524,6287,'Micah Bowie','Was','RP',NULL,1192,19.2,0,0,11,1.37,0.92,NULL,NULL,NULL,NULL,NULL,727,NULL,500,15,NULL,NULL,NULL,NULL,NULL,NULL,NULL,NULL,NULL,NULL,NULL),(525,7763,'Emiliano Fruto','Was','RP',NULL,1230,36,2,1,34,5.5,1.61,NULL,NULL,NULL,NULL,NULL,811,NULL,500,15,NULL,NULL,NULL,NULL,NULL,NULL,NULL,NULL,NULL,NULL,NULL),(526,7060,'Ben Hendrickson','Mil','SP',NULL,1237,12,0,0,8,12,2.5,NULL,NULL,NULL,NULL,NULL,716,NULL,500,15,NULL,NULL,NULL,NULL,NULL,NULL,NULL,NULL,NULL,NULL,NULL),(527,7944,'Homer Bailey','Cin','SP',NULL,1300,0,0,0,0,0,0,NULL,NULL,NULL,NULL,NULL,714,NULL,500,15,NULL,NULL,NULL,NULL,NULL,NULL,NULL,NULL,NULL,NULL,NULL),(528,7981,'Tim Lincecum','SF','SP',NULL,1300,0,0,0,0,0,0,NULL,NULL,NULL,NULL,NULL,790,NULL,500,15,NULL,NULL,NULL,NULL,NULL,NULL,NULL,NULL,NULL,NULL,NULL),(529,7190,'Chin-hui Tsao','LAD','RP',NULL,1300,0,0,0,0,0,0,NULL,NULL,NULL,NULL,NULL,814,NULL,500,15,NULL,NULL,NULL,NULL,NULL,NULL,NULL,NULL,NULL,NULL,NULL),(530,6311,'Scott Strickland','SD','RP',NULL,1300,0,0,0,0,0,0,NULL,NULL,NULL,NULL,NULL,784,NULL,500,15,NULL,NULL,NULL,NULL,NULL,NULL,NULL,NULL,NULL,NULL,NULL),(531,4994,'Mike Hampton','Atl','SP',NULL,1300,0,0,0,0,0,0,NULL,NULL,NULL,NULL,NULL,636,NULL,500,15,NULL,NULL,NULL,NULL,NULL,NULL,NULL,NULL,NULL,NULL,NULL),(532,6700,'Brian Lawrence','Col','SP',NULL,1300,0,0,0,0,0,0,NULL,NULL,NULL,NULL,NULL,619,NULL,500,15,NULL,NULL,NULL,NULL,NULL,NULL,NULL,NULL,NULL,NULL,NULL),(533,6754,'Tim Redding','Was','SP',NULL,1300,0,0,0,0,0,0,NULL,NULL,NULL,NULL,NULL,781,NULL,500,15,NULL,NULL,NULL,NULL,NULL,NULL,NULL,NULL,NULL,NULL,NULL),(534,7286,'John Van Benschoten','Pit','SP',NULL,1300,0,0,0,0,0,0,NULL,NULL,NULL,NULL,NULL,709,NULL,500,15,NULL,NULL,NULL,NULL,NULL,NULL,NULL,NULL,NULL,NULL,NULL),(535,7080,'Luis Ayala','Was','RP',NULL,1300,0,0,0,0,0,0,NULL,NULL,NULL,NULL,NULL,609,NULL,500,15,NULL,NULL,NULL,NULL,NULL,NULL,NULL,NULL,NULL,NULL,NULL),(536,7394,'Merkin Valdez','SF','RP',NULL,1300,0,0,0,0,0,0,NULL,NULL,NULL,NULL,NULL,752,NULL,500,15,NULL,NULL,NULL,NULL,NULL,NULL,NULL,NULL,NULL,NULL,NULL);
/*!40000 ALTER TABLE `players` ENABLE KEYS */;
UNLOCK TABLES;

--
-- Table structure for table `schema_info`
--

DROP TABLE IF EXISTS `schema_info`;
CREATE TABLE `schema_info` (
  `version` int(11) default NULL
) ENGINE=MyISAM DEFAULT CHARSET=latin1;

--
-- Dumping data for table `schema_info`
--

LOCK TABLES `schema_info` WRITE;
/*!40000 ALTER TABLE `schema_info` DISABLE KEYS */;
INSERT INTO `schema_info` VALUES (10);
/*!40000 ALTER TABLE `schema_info` ENABLE KEYS */;
UNLOCK TABLES;

--
-- Table structure for table `sessions`
--

DROP TABLE IF EXISTS `sessions`;
CREATE TABLE `sessions` (
  `id` int(11) NOT NULL auto_increment,
  `session_id` varchar(255) default NULL,
  `data` text,
  `updated_at` datetime default NULL,
  PRIMARY KEY  (`id`),
  KEY `sessions_session_id_index` (`session_id`)
) ENGINE=InnoDB DEFAULT CHARSET=utf8;

--
-- Dumping data for table `sessions`
--

LOCK TABLES `sessions` WRITE;
/*!40000 ALTER TABLE `sessions` DISABLE KEYS */;
INSERT INTO `sessions` VALUES (13,'0fa095b18071ec6cad553e333862c5e2','BAh7BzoJdXNlcm86CVVzZXIGOhBAYXR0cmlidXRlc3sLIgx0ZWFtX2lkMCIJ\ncm9sZSIKYWRtaW4iB2lkIgYxIgpsb2dpbiIMY29tbWlzaCINcGFzc3dvcmQi\nDUwwdTEzZDBnIgplbWFpbCIZa2VuLnBlcHBsZUBnbWFpbC5jb20iCmZsYXNo\nSUM6J0FjdGlvbkNvbnRyb2xsZXI6OkZsYXNoOjpGbGFzaEhhc2h7AAY6CkB1\nc2VkewA=\n','2007-03-24 15:11:46'),(16,'9ae29ee135d87bc8e7658d37269081e4','BAh7BzoJdXNlcm86CVVzZXIGOhBAYXR0cmlidXRlc3sLIgx0ZWFtX2lkMCIJ\ncm9sZSIKYWRtaW4iB2lkIgYxIgpsb2dpbiIMY29tbWlzaCINcGFzc3dvcmQi\nDUwwdTEzZDBnIgplbWFpbCIZa2VuLnBlcHBsZUBnbWFpbC5jb20iCmZsYXNo\nSUM6J0FjdGlvbkNvbnRyb2xsZXI6OkZsYXNoOjpGbGFzaEhhc2h7AAY6CkB1\nc2VkewA=\n','2007-03-25 12:30:45'),(17,'287493c6f1e8c3610595206c80a45c69','BAh7BzoJdXNlcm86CVVzZXIGOhBAYXR0cmlidXRlc3sLIgx0ZWFtX2lkIgYy\nIglyb2xlIgphZG1pbiIHaWQiBjEiCmxvZ2luIgxjb21taXNoIg1wYXNzd29y\nZCINTDB1MTNkMGciCmVtYWlsIhlrZW4ucGVwcGxlQGdtYWlsLmNvbSIKZmxh\nc2hJQzonQWN0aW9uQ29udHJvbGxlcjo6Rmxhc2g6OkZsYXNoSGFzaHsABjoK\nQHVzZWR7AA==\n','2007-03-25 16:47:30'),(18,'26c5cadb59417d4c2ac33bf687501c40','BAh7BzoJdXNlcm86CVVzZXIGOhBAYXR0cmlidXRlc3sLIgx0ZWFtX2lkIgYy\nIglyb2xlIgphZG1pbiIHaWQiBjEiDXBhc3N3b3JkIg1MMHUxM2QwZyIKbG9n\naW4iDGNvbW1pc2giCmVtYWlsIhlrZW4ucGVwcGxlQGdtYWlsLmNvbSIKZmxh\nc2hJQzonQWN0aW9uQ29udHJvbGxlcjo6Rmxhc2g6OkZsYXNoSGFzaHsABjoK\nQHVzZWR7AA==\n','2007-03-25 16:59:44'),(21,'e5ec90ce187ce58ec7aae74574168d58','BAh7BzoJdXNlcm86CVVzZXIGOhBAYXR0cmlidXRlc3sLIgx0ZWFtX2lkIgYy\nIglyb2xlIgphZG1pbiIHaWQiBjEiCmxvZ2luIgxjb21taXNoIg1wYXNzd29y\nZCINTDB1MTNkMGciCmVtYWlsIhlrZW4ucGVwcGxlQGdtYWlsLmNvbSIKZmxh\nc2hJQzonQWN0aW9uQ29udHJvbGxlcjo6Rmxhc2g6OkZsYXNoSGFzaHsABjoK\nQHVzZWR7AA==\n','2007-03-26 00:49:39'),(22,'d2033125a32811700f4fb30b70466bbb','BAh7BzoJdXNlcm86CVVzZXIGOhBAYXR0cmlidXRlc3sLIgx0ZWFtX2lkIgYy\nIglyb2xlIgphZG1pbiIHaWQiBjEiCmxvZ2luIgxjb21taXNoIg1wYXNzd29y\nZCINTDB1MTNkMGciCmVtYWlsIhlrZW4ucGVwcGxlQGdtYWlsLmNvbSIKZmxh\nc2hJQzonQWN0aW9uQ29udHJvbGxlcjo6Rmxhc2g6OkZsYXNoSGFzaHsABjoK\nQHVzZWR7AA==\n','2007-03-26 20:18:18'),(23,'182b2fd5b609a1e06724dffb95ac4b10','BAh7BzoJdXNlcm86CVVzZXIGOhBAYXR0cmlidXRlc3sLIgx0ZWFtX2lkIgYy\nIglyb2xlIgphZG1pbiIHaWQiBjEiDXBhc3N3b3JkIg1MMHUxM2QwZyIKbG9n\naW4iDGNvbW1pc2giCmVtYWlsIhlrZW4ucGVwcGxlQGdtYWlsLmNvbSIKZmxh\nc2hJQzonQWN0aW9uQ29udHJvbGxlcjo6Rmxhc2g6OkZsYXNoSGFzaHsABjoK\nQHVzZWR7AA==\n','2007-03-27 17:59:36'),(24,'891091dbad300b0d91327cbd1f18df26','BAh7BzoJdXNlcm86CVVzZXIGOhBAYXR0cmlidXRlc3sLIgx0ZWFtX2lkIgYy\nIglyb2xlIgphZG1pbiIHaWQiBjEiDXBhc3N3b3JkIg1MMHUxM2QwZyIKbG9n\naW4iDGNvbW1pc2giCmVtYWlsIhlrZW4ucGVwcGxlQGdtYWlsLmNvbSIKZmxh\nc2hJQzonQWN0aW9uQ29udHJvbGxlcjo6Rmxhc2g6OkZsYXNoSGFzaHsABjoK\nQHVzZWR7AA==\n','2007-03-28 18:19:05'),(25,'6703493acbce043d0b33e3601ec04d68','BAh7BzoJdXNlcm86CVVzZXIGOhBAYXR0cmlidXRlc3sLIgx0ZWFtX2lkIgYy\nIglyb2xlIgphZG1pbiIHaWQiBjEiCmxvZ2luIgxjb21taXNoIg1wYXNzd29y\nZCINTDB1MTNkMGciCmVtYWlsIhlrZW4ucGVwcGxlQGdtYWlsLmNvbSIKZmxh\nc2hJQzonQWN0aW9uQ29udHJvbGxlcjo6Rmxhc2g6OkZsYXNoSGFzaHsABjoK\nQHVzZWR7AA==\n','2007-03-31 10:46:05'),(27,'f5e36e637080808a667565244723c422','BAh7BzoJdXNlcm86CVVzZXIGOhBAYXR0cmlidXRlc3sLIgx0ZWFtX2lkMCIJ\ncm9sZSIKb3duZXIiB2lkIgY2Igpsb2dpbiILc2hhcmt5Ig1wYXNzd29yZCIK\ndW5jbGUiCmVtYWlsIhhjb21ic21hdHRAeWFob28uY29tIgpmbGFzaElDOidB\nY3Rpb25Db250cm9sbGVyOjpGbGFzaDo6Rmxhc2hIYXNoewAGOgpAdXNlZHsA\n','2007-04-01 20:10:11'),(28,'269a0d495191bb974014b977c2301368','BAh7BzoJdXNlcm86CVVzZXIGOhBAYXR0cmlidXRlc3sLIgx0ZWFtX2lkIgYy\nIglyb2xlIgphZG1pbiIHaWQiBjEiCmxvZ2luIgxjb21taXNoIg1wYXNzd29y\nZCINTDB1MTNkMGciCmVtYWlsIhlrZW4ucGVwcGxlQGdtYWlsLmNvbSIKZmxh\nc2hJQzonQWN0aW9uQ29udHJvbGxlcjo6Rmxhc2g6OkZsYXNoSGFzaHsABjoK\nQHVzZWR7AA==\n','2007-04-04 12:06:11'),(29,'09ada83dae9f82b6d826c5ba245c2768','BAh7BzoJdXNlcm86CVVzZXIGOhBAYXR0cmlidXRlc3sLIgx0ZWFtX2lkIgYy\nIglyb2xlIgphZG1pbiIHaWQiBjEiDXBhc3N3b3JkIg1MMHUxM2QwZyIKbG9n\naW4iDGNvbW1pc2giCmVtYWlsIhlrZW4ucGVwcGxlQGdtYWlsLmNvbSIKZmxh\nc2hJQzonQWN0aW9uQ29udHJvbGxlcjo6Rmxhc2g6OkZsYXNoSGFzaHsABjoK\nQHVzZWR7AA==\n','2007-04-05 17:28:48'),(30,'7969c365698c2a01c075309c5be4f9c5','BAh7BzoJdXNlcm86CVVzZXIGOhBAYXR0cmlidXRlc3sLIgx0ZWFtX2lkIgYy\nIglyb2xlIgphZG1pbiIHaWQiBjEiCmxvZ2luIgxjb21taXNoIg1wYXNzd29y\nZCINTDB1MTNkMGciCmVtYWlsIhlrZW4ucGVwcGxlQGdtYWlsLmNvbSIKZmxh\nc2hJQzonQWN0aW9uQ29udHJvbGxlcjo6Rmxhc2g6OkZsYXNoSGFzaHsABjoK\nQHVzZWR7AA==\n','2007-04-05 18:27:54'),(31,'321831e7c0c971d443bd2e549e4b26a2','BAh7ByIKZmxhc2hJQzonQWN0aW9uQ29udHJvbGxlcjo6Rmxhc2g6OkZsYXNo\nSGFzaHsABjoKQHVzZWR7ADoJdXNlcm86CVVzZXIHOhBAYXR0cmlidXRlc3sL\nIgx0ZWFtX2lkIgYyIglyb2xlIgphZG1pbiIHaWQiBjEiCmxvZ2luIgxjb21t\naXNoIg1wYXNzd29yZCINTDB1MTNkMGciCmVtYWlsIhlrZW4ucGVwcGxlQGdt\nYWlsLmNvbToLQHRlYW1zMA==\n','2007-04-05 19:02:15'),(32,'056376edcb74295b1c6edcdd6964347d','BAh7BzoJdXNlcm86CVVzZXIHOhBAYXR0cmlidXRlc3sLIgx0ZWFtX2lkIgYy\nIglyb2xlIgphZG1pbiIHaWQiBjEiDXBhc3N3b3JkIg1MMHUxM2QwZyIKbG9n\naW4iDGNvbW1pc2giCmVtYWlsIhlrZW4ucGVwcGxlQGdtYWlsLmNvbToLQHRl\nYW1zMCIKZmxhc2hJQzonQWN0aW9uQ29udHJvbGxlcjo6Rmxhc2g6OkZsYXNo\nSGFzaHsABjoKQHVzZWR7AA==\n','2007-04-10 06:20:36'),(34,'cf4bc0fb3f56affc5e861306b23092af','BAh7ByIKZmxhc2hJQzonQWN0aW9uQ29udHJvbGxlcjo6Rmxhc2g6OkZsYXNo\nSGFzaHsABjoKQHVzZWR7ADoJdXNlcm86CVVzZXIHOhBAYXR0cmlidXRlc3sL\nIgx0ZWFtX2lkIgYyIglyb2xlIgphZG1pbiIHaWQiBjEiCmxvZ2luIgxjb21t\naXNoIg1wYXNzd29yZCINTDB1MTNkMGciCmVtYWlsIhlrZW4ucGVwcGxlQGdt\nYWlsLmNvbToLQHRlYW1zMA==\n','2007-04-10 16:06:14'),(35,'1b36332dcdb3064c4b5a41a86d56f14d','BAh7ByIKZmxhc2hJQzonQWN0aW9uQ29udHJvbGxlcjo6Rmxhc2g6OkZsYXNo\nSGFzaHsABjoKQHVzZWR7ADoJdXNlcm86CVVzZXIHOhBAYXR0cmlidXRlc3sL\nIgx0ZWFtX2lkIgYyIglyb2xlIgphZG1pbiIHaWQiBjEiCmxvZ2luIgxjb21t\naXNoIg1wYXNzd29yZCINTDB1MTNkMGciCmVtYWlsIhlrZW4ucGVwcGxlQGdt\nYWlsLmNvbToLQHRlYW1zMA==\n','2007-04-10 16:06:48'),(38,'f1209685cfeb86bfe951f58b41caf65e','BAh7BzoJdXNlcm86CVVzZXIHOgtAdGVhbXMwOhBAYXR0cmlidXRlc3sLIgx0\nZWFtX2lkMCIJcm9sZSIKb3duZXIiB2lkIgY2Ig1wYXNzd29yZCIKdW5jbGUi\nCmxvZ2luIgtzaGFya3kiCmVtYWlsIhhjb21ic21hdHRAeWFob28uY29tIgpm\nbGFzaElDOidBY3Rpb25Db250cm9sbGVyOjpGbGFzaDo6Rmxhc2hIYXNoewAG\nOgpAdXNlZHsA\n','2007-04-10 19:02:58'),(40,'5cd37b667a6f659568bc88902f9097af','BAh7BzoJdXNlcm86CVVzZXIHOgtAdGVhbXMwOhBAYXR0cmlidXRlc3sLIgx0\nZWFtX2lkIgYyIglyb2xlIgphZG1pbiIHaWQiBjEiDXBhc3N3b3JkIg1MMHUx\nM2QwZyIKbG9naW4iDGNvbW1pc2giCmVtYWlsIhlrZW4ucGVwcGxlQGdtYWls\nLmNvbSIKZmxhc2hJQzonQWN0aW9uQ29udHJvbGxlcjo6Rmxhc2g6OkZsYXNo\nSGFzaHsABjoKQHVzZWR7AA==\n','2007-04-13 21:58:30'),(41,'7fb230414f071d060735d014977bad85','BAh7ByIKZmxhc2hJQzonQWN0aW9uQ29udHJvbGxlcjo6Rmxhc2g6OkZsYXNo\nSGFzaHsABjoKQHVzZWR7ADoJdXNlcm86CVVzZXIHOhBAYXR0cmlidXRlc3sL\nIgx0ZWFtX2lkIgYyIglyb2xlIgphZG1pbiIHaWQiBjEiCmxvZ2luIgxjb21t\naXNoIg1wYXNzd29yZCINTDB1MTNkMGciCmVtYWlsIhlrZW4ucGVwcGxlQGdt\nYWlsLmNvbToLQHRlYW1zMA==\n','2007-04-14 01:05:19'),(42,'d0f6c9591be24c3ff488ee7c6880b62c','BAh7BzoJdXNlcm86CVVzZXIHOgtAdGVhbXMwOhBAYXR0cmlidXRlc3sLIgx0\nZWFtX2lkIgYyIglyb2xlIgphZG1pbiIHaWQiBjEiDXBhc3N3b3JkIg1MMHUx\nM2QwZyIKbG9naW4iDGNvbW1pc2giCmVtYWlsIhlrZW4ucGVwcGxlQGdtYWls\nLmNvbSIKZmxhc2hJQzonQWN0aW9uQ29udHJvbGxlcjo6Rmxhc2g6OkZsYXNo\nSGFzaHsABjoKQHVzZWR7AA==\n','2007-04-14 02:06:41'),(43,'45a7e51a7cd616b29c580c7c1e3250c9','BAh7ByIKZmxhc2hJQzonQWN0aW9uQ29udHJvbGxlcjo6Rmxhc2g6OkZsYXNo\nSGFzaHsABjoKQHVzZWR7ADoJdXNlcm86CVVzZXIHOhBAYXR0cmlidXRlc3sL\nIgx0ZWFtX2lkIgYyIglyb2xlIgphZG1pbiIHaWQiBjEiCmxvZ2luIgxjb21t\naXNoIg1wYXNzd29yZCINTDB1MTNkMGciCmVtYWlsIhlrZW4ucGVwcGxlQGdt\nYWlsLmNvbToLQHRlYW1zMA==\n','2007-04-14 21:25:38'),(44,'4f49356367bb4cb7a713222f806b1cee','BAh7BzoJdXNlcm86CVVzZXIHOgtAdGVhbXMwOhBAYXR0cmlidXRlc3sLIgps\nb2dpbiIMY29tbWlzaCIJcm9sZSIKYWRtaW4iB2lkIgYxIgplbWFpbCIZa2Vu\nLnBlcHBsZUBnbWFpbC5jb20iDHRlYW1faWQiBjIiDXBhc3N3b3JkIg1MMHUx\nM2QwZyIKZmxhc2hJQzonQWN0aW9uQ29udHJvbGxlcjo6Rmxhc2g6OkZsYXNo\nSGFzaHsABjoKQHVzZWR7AA==\n','2007-04-20 22:29:48'),(45,'be4975f78169ab08b45b62d66fe9ed0e','BAh7BzoJdXNlcm86CVVzZXIHOgtAdGVhbXMwOhBAYXR0cmlidXRlc3sLIgps\nb2dpbiIMY29tbWlzaCIJcm9sZSIKYWRtaW4iB2lkIgYxIgplbWFpbCIZa2Vu\nLnBlcHBsZUBnbWFpbC5jb20iDHRlYW1faWQiBjIiDXBhc3N3b3JkIg1MMHUx\nM2QwZyIKZmxhc2hJQzonQWN0aW9uQ29udHJvbGxlcjo6Rmxhc2g6OkZsYXNo\nSGFzaHsABjoKQHVzZWR7AA==\n','2007-04-21 01:39:25'),(46,'95f4f6234bcdb58f9ab189759f16cfe6','BAh7BiIKZmxhc2hJQzonQWN0aW9uQ29udHJvbGxlcjo6Rmxhc2g6OkZsYXNo\nSGFzaHsABjoKQHVzZWR7AA==\n','2007-04-21 03:20:24'),(47,'e2082e0a48fd129ad99da7e6f5b70768','BAh7BiIKZmxhc2hJQzonQWN0aW9uQ29udHJvbGxlcjo6Rmxhc2g6OkZsYXNo\nSGFzaHsABjoKQHVzZWR7AA==\n','2007-04-21 03:21:28'),(48,'d89018886c54513b2f6e1be5b4e2a7fc','BAh7BzoJdXNlcm86CVVzZXIHOgtAdGVhbXMwOhBAYXR0cmlidXRlc3sLIgps\nb2dpbiIMY29tbWlzaCIJcm9sZSIKYWRtaW4iB2lkIgYxIgplbWFpbCIZa2Vu\nLnBlcHBsZUBnbWFpbC5jb20iDHRlYW1faWQiBjIiDXBhc3N3b3JkIg1MMHUx\nM2QwZyIKZmxhc2hJQzonQWN0aW9uQ29udHJvbGxlcjo6Rmxhc2g6OkZsYXNo\nSGFzaHsABjoKQHVzZWR7AA==\n','2007-04-21 04:23:40'),(49,'a7a2acb184c619744edb348401c03bb0','BAh7BzoJdXNlcm86CVVzZXIHOgtAdGVhbXMwOhBAYXR0cmlidXRlc3sLIgps\nb2dpbiIMY29tbWlzaCIJcm9sZSIKYWRtaW4iB2lkIgYxIgx0ZWFtX2lkIgYy\nIgplbWFpbCIZa2VuLnBlcHBsZUBnbWFpbC5jb20iDXBhc3N3b3JkIg1MMHUx\nM2QwZyIKZmxhc2hJQzonQWN0aW9uQ29udHJvbGxlcjo6Rmxhc2g6OkZsYXNo\nSGFzaHsABjoKQHVzZWR7AA==\n','2007-04-21 17:13:44'),(50,'ef09769fd46f800c1032dfb9a9c1fb6c','BAh7BiIKZmxhc2hJQzonQWN0aW9uQ29udHJvbGxlcjo6Rmxhc2g6OkZsYXNo\nSGFzaHsABjoKQHVzZWR7AA==\n','2007-04-27 00:30:02'),(51,'93fb3543ac8dbaee6eb422b175be1dd5','BAh7ByIKZmxhc2hJQzonQWN0aW9uQ29udHJvbGxlcjo6Rmxhc2g6OkZsYXNo\nSGFzaHsABjoKQHVzZWR7ADoJdXNlcm86CVVzZXIHOhBAYXR0cmlidXRlc3sL\nIgx0ZWFtX2lkIgYyIglyb2xlIgphZG1pbiIHaWQiBjEiCmxvZ2luIgxjb21t\naXNoIg1wYXNzd29yZCINTDB1MTNkMGciCmVtYWlsIhlrZW4ucGVwcGxlQGdt\nYWlsLmNvbToLQHRlYW1zMA==\n','2007-04-28 12:16:57'),(54,'e322c7a72605a5bf0da13d12cab39bc9','BAh7BzoJdXNlcm86CVVzZXIHOhBAYXR0cmlidXRlc3sLIgx0ZWFtX2lkIgYy\nIglyb2xlIgphZG1pbiIHaWQiBjEiDXBhc3N3b3JkIg1MMHUxM2QwZyIKbG9n\naW4iDGNvbW1pc2giCmVtYWlsIhlrZW4ucGVwcGxlQGdtYWlsLmNvbToLQHRl\nYW1zMCIKZmxhc2hJQzonQWN0aW9uQ29udHJvbGxlcjo6Rmxhc2g6OkZsYXNo\nSGFzaHsABjoKQHVzZWR7AA==\n','2007-05-01 11:53:21'),(55,'065cda8abd8b692d160b661abefc997c','BAh7BzoJdXNlcm86CVVzZXIHOhBAYXR0cmlidXRlc3sLIgx0ZWFtX2lkIgYy\nIglyb2xlIgphZG1pbiIHaWQiBjEiDXBhc3N3b3JkIg1MMHUxM2QwZyIKbG9n\naW4iDGNvbW1pc2giCmVtYWlsIhlrZW4ucGVwcGxlQGdtYWlsLmNvbToLQHRl\nYW1zMCIKZmxhc2hJQzonQWN0aW9uQ29udHJvbGxlcjo6Rmxhc2g6OkZsYXNo\nSGFzaHsABjoKQHVzZWR7AA==\n','2007-05-02 01:08:46'),(56,'79d8fce254446d97a25c5a8782506935','BAh7BzoJdXNlcm86CVVzZXIHOhBAYXR0cmlidXRlc3sLIgx0ZWFtX2lkIgYy\nIglyb2xlIgphZG1pbiIHaWQiBjEiDXBhc3N3b3JkIg1MMHUxM2QwZyIKbG9n\naW4iDGNvbW1pc2giCmVtYWlsIhlrZW4ucGVwcGxlQGdtYWlsLmNvbToLQHRl\nYW1zMCIKZmxhc2hJQzonQWN0aW9uQ29udHJvbGxlcjo6Rmxhc2g6OkZsYXNo\nSGFzaHsABjoKQHVzZWR7AA==\n','2007-05-04 20:22:03'),(57,'c2aee7bd128cf1ea1138de0984884d5d','BAh7BzoJdXNlcm86CVVzZXIHOhBAYXR0cmlidXRlc3sLIgx0ZWFtX2lkIgYy\nIglyb2xlIgphZG1pbiIHaWQiBjEiDXBhc3N3b3JkIg1MMHUxM2QwZyIKbG9n\naW4iDGNvbW1pc2giCmVtYWlsIhlrZW4ucGVwcGxlQGdtYWlsLmNvbToLQHRl\nYW1zMCIKZmxhc2hJQzonQWN0aW9uQ29udHJvbGxlcjo6Rmxhc2g6OkZsYXNo\nSGFzaHsABjoKQHVzZWR7AA==\n','2007-05-04 21:52:29'),(62,'6d2825343268417e49dea09c126d9d13','BAh7BzoJdXNlcm86CVVzZXIHOhBAYXR0cmlidXRlc3sLIgx0ZWFtX2lkIgYy\nIglyb2xlIgphZG1pbiIHaWQiBjEiDXBhc3N3b3JkIg1MMHUxM2QwZyIKbG9n\naW4iDGNvbW1pc2giCmVtYWlsIhlrZW4ucGVwcGxlQGdtYWlsLmNvbToLQHRl\nYW1zMCIKZmxhc2hJQzonQWN0aW9uQ29udHJvbGxlcjo6Rmxhc2g6OkZsYXNo\nSGFzaHsABjoKQHVzZWR7AA==\n','2007-05-05 01:23:33'),(63,'c953e8d20372bd18a0a64d5a33650b24','BAh7ByIKZmxhc2hJQzonQWN0aW9uQ29udHJvbGxlcjo6Rmxhc2g6OkZsYXNo\nSGFzaHsABjoKQHVzZWR7ADoJdXNlcm86CVVzZXIHOgtAdGVhbXMwOhBAYXR0\ncmlidXRlc3sLIgx0ZWFtX2lkIgYyIglyb2xlIgphZG1pbiIHaWQiBjEiCmxv\nZ2luIgxjb21taXNoIg1wYXNzd29yZCINTDB1MTNkMGciCmVtYWlsIhlrZW4u\ncGVwcGxlQGdtYWlsLmNvbQ==\n','2007-05-06 23:59:01'),(64,'50c2f2c3596ddd9fdbe2dddecb8174a2','BAh7BzoJdXNlcm86CVVzZXIHOgtAdGVhbXMwOhBAYXR0cmlidXRlc3sLIgx0\nZWFtX2lkIgYyIglyb2xlIgphZG1pbiIHaWQiBjEiDXBhc3N3b3JkIg1MMHUx\nM2QwZyIKbG9naW4iDGNvbW1pc2giCmVtYWlsIhlrZW4ucGVwcGxlQGdtYWls\nLmNvbSIKZmxhc2hJQzonQWN0aW9uQ29udHJvbGxlcjo6Rmxhc2g6OkZsYXNo\nSGFzaHsABjoKQHVzZWR7AA==\n','2007-05-07 02:06:38'),(65,'c88498a6a14be97b338e44afe1a98658','BAh7ByIKZmxhc2hJQzonQWN0aW9uQ29udHJvbGxlcjo6Rmxhc2g6OkZsYXNo\nSGFzaHsABjoKQHVzZWR7ADoJdXNlcm86CVVzZXIHOgtAdGVhbXMwOhBAYXR0\ncmlidXRlc3sLIgx0ZWFtX2lkIgYyIglyb2xlIgphZG1pbiIHaWQiBjEiCmxv\nZ2luIgxjb21taXNoIg1wYXNzd29yZCINTDB1MTNkMGciCmVtYWlsIhlrZW4u\ncGVwcGxlQGdtYWlsLmNvbQ==\n','2007-05-09 02:08:55'),(66,'3a15af2e22093a8cee137a9ff7f3cd50','BAh7BzoJdXNlcm86CVVzZXIHOgtAdGVhbXMwOhBAYXR0cmlidXRlc3sLIgx0\nZWFtX2lkIgYyIglyb2xlIgphZG1pbiIHaWQiBjEiDXBhc3N3b3JkIg1MMHUx\nM2QwZyIKbG9naW4iDGNvbW1pc2giCmVtYWlsIhlrZW4ucGVwcGxlQGdtYWls\nLmNvbSIKZmxhc2hJQzonQWN0aW9uQ29udHJvbGxlcjo6Rmxhc2g6OkZsYXNo\nSGFzaHsABjoKQHVzZWR7AA==\n','2007-05-18 08:14:26'),(67,'1e0d600cc89b26b0237abd6ffc34704e','BAh7BiIKZmxhc2hJQzonQWN0aW9uQ29udHJvbGxlcjo6Rmxhc2g6OkZsYXNo\nSGFzaHsABjoKQHVzZWR7AA==\n','2007-05-23 07:28:38'),(68,'a44f45bdbb7ec7f2813e93f8850813a1','BAh7BzoJdXNlcm86CVVzZXIHOgtAdGVhbXMwOhBAYXR0cmlidXRlc3sLIgx0\nZWFtX2lkIgYyIglyb2xlIgphZG1pbiIHaWQiBjEiDXBhc3N3b3JkIg1MMHUx\nM2QwZyIKbG9naW4iDGNvbW1pc2giCmVtYWlsIhlrZW4ucGVwcGxlQGdtYWls\nLmNvbSIKZmxhc2hJQzonQWN0aW9uQ29udHJvbGxlcjo6Rmxhc2g6OkZsYXNo\nSGFzaHsABjoKQHVzZWR7AA==\n','2007-05-23 07:27:31'),(69,'7df2cd2132120d34e38e5da4396e4017','BAh7BzoJdXNlcm86CVVzZXIHOgtAdGVhbXMwOhBAYXR0cmlidXRlc3sLIgx0\nZWFtX2lkIgY4Iglyb2xlIgpvd25lciIHaWQiBjYiCmxvZ2luIgtzaGFya3ki\nDXBhc3N3b3JkIgp1bmNsZSIKZW1haWwiGGNvbWJzbWF0dEB5YWhvby5jb20i\nCmZsYXNoSUM6J0FjdGlvbkNvbnRyb2xsZXI6OkZsYXNoOjpGbGFzaEhhc2h7\nAAY6CkB1c2VkewA=\n','2007-05-23 07:35:18'),(70,'72d801fdf3234943fcf77335cfd83aaf','BAh7ByIKZmxhc2hJQzonQWN0aW9uQ29udHJvbGxlcjo6Rmxhc2g6OkZsYXNo\nSGFzaHsABjoKQHVzZWR7ADoJdXNlcm86CVVzZXIHOgtAdGVhbXMwOhBAYXR0\ncmlidXRlc3sLIgx0ZWFtX2lkIgYyIglyb2xlIgphZG1pbiIHaWQiBjEiCmxv\nZ2luIgxjb21taXNoIg1wYXNzd29yZCINTDB1MTNkMGciCmVtYWlsIhlrZW4u\ncGVwcGxlQGdtYWlsLmNvbQ==\n','2007-06-20 02:26:17'),(71,'93feea2a15552149bc1497b3863aad75','BAh7BiIKZmxhc2hJQzonQWN0aW9uQ29udHJvbGxlcjo6Rmxhc2g6OkZsYXNo\nSGFzaHsABjoKQHVzZWR7AA==\n','2007-07-03 22:43:02'),(72,'6858f5674e42f31e8b25342ddc83db31','BAh7ByIKZmxhc2hJQzonQWN0aW9uQ29udHJvbGxlcjo6Rmxhc2g6OkZsYXNo\nSGFzaHsABjoKQHVzZWR7ADoJdXNlcm86CVVzZXIHOgtAdGVhbXMwOhBAYXR0\ncmlidXRlc3sLIgx0ZWFtX2lkIgYyIglyb2xlIgphZG1pbiIHaWQiBjEiCmxv\nZ2luIgxjb21taXNoIg1wYXNzd29yZCINTDB1MTNkMGciCmVtYWlsIhlrZW4u\ncGVwcGxlQGdtYWlsLmNvbQ==\n','2007-07-03 23:37:21'),(73,'e52773f3b56e0a60eed6fd83d30aa89a','BAh7ByIKZmxhc2hJQzonQWN0aW9uQ29udHJvbGxlcjo6Rmxhc2g6OkZsYXNo\nSGFzaHsABjoKQHVzZWR7ADoJdXNlcm86CVVzZXIHOgtAdGVhbXMwOhBAYXR0\ncmlidXRlc3sLIgx0ZWFtX2lkIgYyIglyb2xlIgphZG1pbiIHaWQiBjEiCmxv\nZ2luIgxjb21taXNoIg1wYXNzd29yZCINTDB1MTNkMGciCmVtYWlsIhlrZW4u\ncGVwcGxlQGdtYWlsLmNvbQ==\n','2007-07-03 23:35:38'),(74,'70459bdee2b1093b1c62bfd3d6f8d25f','BAh7ByIKZmxhc2hJQzonQWN0aW9uQ29udHJvbGxlcjo6Rmxhc2g6OkZsYXNo\nSGFzaHsABjoKQHVzZWR7ADoJdXNlcm86CVVzZXIHOgtAdGVhbXMwOhBAYXR0\ncmlidXRlc3sLIgx0ZWFtX2lkIgYyIglyb2xlIgphZG1pbiIHaWQiBjEiCmxv\nZ2luIgxjb21taXNoIg1wYXNzd29yZCINTDB1MTNkMGciCmVtYWlsIhlrZW4u\ncGVwcGxlQGdtYWlsLmNvbQ==\n','2007-09-19 00:37:35'),(75,'372d744ee7b8aaa2a5d572beacfb5147','BAh7BzoJdXNlcm86CVVzZXIHOhBAYXR0cmlidXRlc3sLIgx0ZWFtX2lkIgYy\nIglyb2xlIgphZG1pbiIHaWQiBjEiDXBhc3N3b3JkIg1MMHUxM2QwZyIKbG9n\naW4iDGNvbW1pc2giCmVtYWlsIhlrZW4ucGVwcGxlQGdtYWlsLmNvbToLQHRl\nYW1zMCIKZmxhc2hJQzonQWN0aW9uQ29udHJvbGxlcjo6Rmxhc2g6OkZsYXNo\nSGFzaHsABjoKQHVzZWR7AA==\n','2007-10-22 19:23:01'),(76,'8325be53c472cb1bdbcf58b0e72f8692','BAh7ByIKZmxhc2hJQzonQWN0aW9uQ29udHJvbGxlcjo6Rmxhc2g6OkZsYXNo\nSGFzaHsABjoKQHVzZWR7ADoJdXNlcm86CVVzZXIHOgtAdGVhbXMwOhBAYXR0\ncmlidXRlc3sLIgx0ZWFtX2lkIgYyIglyb2xlIgphZG1pbiIHaWQiBjEiCmxv\nZ2luIgxjb21taXNoIg1wYXNzd29yZCINTDB1MTNkMGciCmVtYWlsIhlrZW4u\ncGVwcGxlQGdtYWlsLmNvbQ==\n','2007-11-05 12:31:22'),(77,'3e87de847b997022a088bb883af0bbc7','BAh7BzoJdXNlcm86CVVzZXIHOhBAYXR0cmlidXRlc3sLIgx0ZWFtX2lkIgYy\nIglyb2xlIgphZG1pbiIHaWQiBjEiCmxvZ2luIgxjb21taXNoIg1wYXNzd29y\nZCINTDB1MTNkMGciCmVtYWlsIhlrZW4ucGVwcGxlQGdtYWlsLmNvbToLQHRl\nYW1zMCIKZmxhc2hJQzonQWN0aW9uQ29udHJvbGxlcjo6Rmxhc2g6OkZsYXNo\nSGFzaHsABjoKQHVzZWR7AA==\n','2007-11-10 18:34:17'),(78,'14a784cf569f1a0a4425a65616800f01','BAh7BzoJdXNlcm86CVVzZXIHOhBAYXR0cmlidXRlc3sLIgx0ZWFtX2lkIgYy\nIglyb2xlIgphZG1pbiIHaWQiBjEiCmxvZ2luIgxjb21taXNoIg1wYXNzd29y\nZCINTDB1MTNkMGciCmVtYWlsIhlrZW4ucGVwcGxlQGdtYWlsLmNvbToLQHRl\nYW1zMCIKZmxhc2hJQzonQWN0aW9uQ29udHJvbGxlcjo6Rmxhc2g6OkZsYXNo\nSGFzaHsABjoKQHVzZWR7AA==\n','2007-11-10 20:02:43'),(79,'833406166121d5472725ca54c2fb1ed1','BAh7BzoJdXNlcm86CVVzZXIHOhBAYXR0cmlidXRlc3sLIgx0ZWFtX2lkIgYy\nIglyb2xlIgphZG1pbiIHaWQiBjEiDXBhc3N3b3JkIg1MMHUxM2QwZyIKbG9n\naW4iDGNvbW1pc2giCmVtYWlsIhlrZW4ucGVwcGxlQGdtYWlsLmNvbToLQHRl\nYW1zMCIKZmxhc2hJQzonQWN0aW9uQ29udHJvbGxlcjo6Rmxhc2g6OkZsYXNo\nSGFzaHsABjoKQHVzZWR7AA==\n','2007-11-10 22:41:18'),(80,'e745b8cf56941e2aebb6446ace0c08e8','BAh7BiIKZmxhc2hJQzonQWN0aW9uQ29udHJvbGxlcjo6Rmxhc2g6OkZsYXNo\nSGFzaHsABjoKQHVzZWR7AA==\n','2007-11-10 23:20:29'),(81,'69d864cd8e26db743c11418d640dbe57','BAh7BzoJdXNlcm86CVVzZXIHOhBAYXR0cmlidXRlc3sLIgx0ZWFtX2lkIgYy\nIglyb2xlIgphZG1pbiIHaWQiBjEiCmxvZ2luIgxjb21taXNoIg1wYXNzd29y\nZCINTDB1MTNkMGciCmVtYWlsIhlrZW4ucGVwcGxlQGdtYWlsLmNvbToLQHRl\nYW1zMCIKZmxhc2hJQzonQWN0aW9uQ29udHJvbGxlcjo6Rmxhc2g6OkZsYXNo\nSGFzaHsABjoKQHVzZWR7AA==\n','2007-11-23 23:48:33'),(82,'884e8f1896d2698b398f4eec6f9e600f','BAh7ByIKZmxhc2hJQzonQWN0aW9uQ29udHJvbGxlcjo6Rmxhc2g6OkZsYXNo\nSGFzaHsABjoKQHVzZWR7ADoJdXNlcm86CVVzZXIHOhBAYXR0cmlidXRlc3sL\nIgx0ZWFtX2lkIgYyIglyb2xlIgphZG1pbiIHaWQiBjEiCmxvZ2luIgxjb21t\naXNoIg1wYXNzd29yZCINTDB1MTNkMGciCmVtYWlsIhlrZW4ucGVwcGxlQGdt\nYWlsLmNvbToLQHRlYW1zMA==\n','2008-01-27 09:55:27'),(83,'dce02fc6c89108025bd171ec7fd28fff','BAh7BiIKZmxhc2hJQzonQWN0aW9uQ29udHJvbGxlcjo6Rmxhc2g6OkZsYXNo\nSGFzaHsABjoKQHVzZWR7AA==\n','2008-01-27 09:58:43'),(84,'14a63abc0ce1ecf6fba2da8ff4e1ade3','BAh7ByIKZmxhc2hJQzonQWN0aW9uQ29udHJvbGxlcjo6Rmxhc2g6OkZsYXNo\nSGFzaHsABjoKQHVzZWR7ADoJdXNlcm86CVVzZXIHOgtAdGVhbXMwOhBAYXR0\ncmlidXRlc3sLIgx0ZWFtX2lkIgYyIglyb2xlIgphZG1pbiIHaWQiBjEiCmxv\nZ2luIgxjb21taXNoIg1wYXNzd29yZCINTDB1MTNkMGciCmVtYWlsIhlrZW4u\ncGVwcGxlQGdtYWlsLmNvbQ==\n','2008-01-27 17:16:16');
/*!40000 ALTER TABLE `sessions` ENABLE KEYS */;
UNLOCK TABLES;

--
-- Table structure for table `teams`
--

DROP TABLE IF EXISTS `teams`;
CREATE TABLE `teams` (
  `id` int(11) NOT NULL auto_increment,
  `full_name` varchar(255) default NULL,
  `short_name` varchar(255) default NULL,
  `owner` varchar(255) default NULL,
  `team_yahoo_ref` int(11) default NULL,
  `draft_order` int(11) default '1',
  PRIMARY KEY  (`id`)
) ENGINE=InnoDB DEFAULT CHARSET=utf8;

--
-- Dumping data for table `teams`
--

LOCK TABLES `teams` WRITE;
/*!40000 ALTER TABLE `teams` DISABLE KEYS */;
INSERT INTO `teams` VALUES (1,'Holy Cows','Cows','Jeff Harshbarger',5,8),(2,'El Dorado Coyotes','Coyotes','Ken Pepple',1,3),(3,'Unbreakable','Unbreakable','Freddie Williams',2,4),(4,'Ahwatukee Pivovari','Pivo','Mark Spencer',3,6),(5,'Orangevale Rats','Rats','Kelly Collins',4,2),(6,'Northern Treehuggers','Treehuggers','Elan Lipschitz',6,7),(7,'KU Krunchers','Krunchers','Ron Strayer',7,5),(8,'D. County Possums','Possums','Matt Combs',8,9),(9,'Gremoby Murakami','Gremoby','Mark Combs',9,1);
/*!40000 ALTER TABLE `teams` ENABLE KEYS */;
UNLOCK TABLES;

--
-- Table structure for table `users`
--

DROP TABLE IF EXISTS `users`;
CREATE TABLE `users` (
  `id` int(11) NOT NULL auto_increment,
  `login` varchar(255) default NULL,
  `password` varchar(255) default NULL,
  `email` varchar(255) default NULL,
  `team_id` int(11) default NULL,
  `role` varchar(255) default NULL,
  PRIMARY KEY  (`id`)
) ENGINE=InnoDB DEFAULT CHARSET=utf8;

--
-- Dumping data for table `users`
--

LOCK TABLES `users` WRITE;
/*!40000 ALTER TABLE `users` DISABLE KEYS */;
INSERT INTO `users` VALUES (1,'commish','L0u13d0g','ken.pepple@gmail.com',2,'admin'),(2,'elan','uncle','elanlip@aol.com',6,'owner'),(3,'kelly','uncle','klycollins@earthlink.net',NULL,'owner'),(4,'jeff','uncle','jnharsh@msn.com',NULL,'owner'),(5,'shrek','uncle','combsmj@msn.com',NULL,'owner'),(6,'sharky','uncle','combsmatt@yahoo.com',8,'owner'),(7,'strayer','uncle','ronstrayer@msn.com',NULL,'owner'),(8,'spence','uncle','mdspencer@gmail.com',NULL,'owner');
/*!40000 ALTER TABLE `users` ENABLE KEYS */;
UNLOCK TABLES;
/*!40103 SET TIME_ZONE=@OLD_TIME_ZONE */;

/*!40101 SET SQL_MODE=@OLD_SQL_MODE */;
/*!40014 SET FOREIGN_KEY_CHECKS=@OLD_FOREIGN_KEY_CHECKS */;
/*!40014 SET UNIQUE_CHECKS=@OLD_UNIQUE_CHECKS */;
/*!40101 SET CHARACTER_SET_CLIENT=@OLD_CHARACTER_SET_CLIENT */;
/*!40101 SET CHARACTER_SET_RESULTS=@OLD_CHARACTER_SET_RESULTS */;
/*!40101 SET COLLATION_CONNECTION=@OLD_COLLATION_CONNECTION */;
/*!40111 SET SQL_NOTES=@OLD_SQL_NOTES */;

-- Dump completed on 2008-01-28  1:17:57
